{"q": [0.8216391620546684, 0.045522808496336886, 0.5497092554498875, -0.1437235314512528], "x": [-0.252996323127874, -0.2484026731935905, -0.07943483681126334], "t": 27.55961322784424}
{"q": [0.821670092157189, 0.04552471307205313, 0.5496978607107808, -0.1435896917666572], "x": [-0.2529856287589849, -0.24838818088976555, -0.07939829423081037], "t": 27.56926393508911}
{"q": [0.8215567484195656, 0.0454853188713453, 0.5498710820651748, -0.14358762468807584], "x": [-0.25301010913221034, -0.24839701492700267, -0.07939350250813598], "t": 27.57944083213806}
{"q": [0.82158837581802, 0.04551501616063328, 0.5497664758697292, -0.14379753301643344], "x": [-0.25306024946475625, -0.24840095118335154, -0.07940398653481322], "t": 27.58942484855652}
{"q": [0.8215289765859755, 0.045572434731418504, 0.5498848803967782, -0.14366622414825514], "x": [-0.25304262943111266, -0.24838244253112485, -0.07942898445549924], "t": 27.599388599395752}
{"q": [0.8215181622480676, 0.045368176090843065, 0.5499019730807061, -0.14372688012281098], "x": [-0.2530613398219328, -0.24835934183752403, -0.07941281508837765], "t": 27.6101233959198}
{"q": [0.8215769719027406, 0.04533765920576466, 0.5497959862199038, -0.14380584390240822], "x": [-0.2531125050627757, -0.24835773364725, -0.07944425716658231], "t": 27.619256496429443}
{"q": [0.8217729443533144, 0.04519793829168953, 0.54955408638897, -0.14365460472971833], "x": [-0.25314525984046987, -0.24835922193117, -0.0794595376430239], "t": 27.629448175430298}
{"q": [0.8218970955245909, 0.04507711810332866, 0.549347460238462, -0.14377289732894377], "x": [-0.2531116223565304, -0.24838888897580347, -0.07945272265541237], "t": 27.640004634857178}
{"q": [0.8219629800365073, 0.04502977036864626, 0.5493051070816624, -0.14357252001995408], "x": [-0.25315931020604054, -0.24837488783367245, -0.0794751561277387], "t": 27.64947009086609}
{"q": [0.82196564891039, 0.04521778786771361, 0.5493088500747957, -0.14348373920264854], "x": [-0.25316313786838407, -0.24841587250268513, -0.07946186158581227], "t": 27.66001796722412}
{"q": [0.8220178285481655, 0.04516732784409148, 0.5492175457570794, -0.14355034695653726], "x": [-0.25313535360867445, -0.24840564990481726, -0.07945110710640296], "t": 27.669501066207886}
{"q": [0.821918184048617, 0.04521404094519679, 0.5493708612072131, -0.1435196112686034], "x": [-0.2531029818841295, -0.24842394732564593, -0.07945744789411512], "t": 27.679245710372925}
{"q": [0.8218635509826608, 0.04523527795567125, 0.5494269664003499, -0.14361103545467263], "x": [-0.2531057698560659, -0.24839799551275724, -0.07946718888607547], "t": 27.68941044807434}
{"q": [0.8218592338158823, 0.04515954167467359, 0.5494248335817307, -0.14366757580768322], "x": [-0.2530737966740121, -0.24837576169335324, -0.07948381017788272], "t": 27.69939684867859}
{"q": [0.8218541699013482, 0.04523545917258817, 0.5494668563657168, -0.14351177296855466], "x": [-0.25306899137027195, -0.2483314093883126, -0.07955409128112124], "t": 27.709388732910156}
{"q": [0.8219697257791788, 0.04520356567835708, 0.549257743863393, -0.1436604241206619], "x": [-0.25306885830275283, -0.2483677152491648, -0.07955008033035522], "t": 27.719457149505615}
{"q": [0.822167679779806, 0.045403928070160506, 0.5489760207476801, -0.1435412945566635], "x": [-0.2530441699699638, -0.24834769779353355, -0.07954046058675077], "t": 27.729381322860718}
{"q": [0.8221035615610036, 0.04538164985987621, 0.5490477783074931, -0.14364120403411484], "x": [-0.25304344122340683, -0.24834691893475774, -0.07957237562813807], "t": 27.739454984664917}
{"q": [0.8223443537015421, 0.045608645814566404, 0.5487094118018699, -0.14348384392639832], "x": [-0.2530518785701391, -0.24833169260292542, -0.07956995064147974], "t": 27.74946689605713}
{"q": [0.8223421074907039, 0.04572411578392829, 0.5487328847975275, -0.14337010248364782], "x": [-0.25301839625126343, -0.24835448400659715, -0.07954443619883592], "t": 27.75924062728882}
{"q": [0.8221842090620456, 0.04586472606681126, 0.5489600680720035, -0.14336125150611573], "x": [-0.25299562520690033, -0.24836693185962264, -0.07955445538363494], "t": 27.769535064697266}
{"q": [0.8220963646187636, 0.04563677688486264, 0.549091127027401, -0.14343577485986395], "x": [-0.2529812517258463, -0.24834464428294759, -0.07951059753434497], "t": 27.779462099075317}
{"q": [0.8219274428745494, 0.04562762549106977, 0.5493171707315359, -0.1435409451081366], "x": [-0.25298898401647585, -0.2483890269804283, -0.07952197181485643], "t": 27.789400339126587}
{"q": [0.8218111435572287, 0.04562258850133419, 0.5495288975874055, -0.14339811058665375], "x": [-0.2529952029126694, -0.24838436340485653, -0.07956336304220617], "t": 27.79923725128174}
{"q": [0.8219500688862484, 0.045901028934137014, 0.5493404155766325, -0.14323503083196817], "x": [-0.25311105087605057, -0.24841039972966383, -0.07961384277409246], "t": 27.809486150741577}
{"q": [0.822135001825268, 0.046636701195490946, 0.5490731080703686, -0.14296079307176285], "x": [-0.2532452345303142, -0.24848168386256242, -0.07972041684138774], "t": 27.81958532333374}
{"q": [0.8224508365109813, 0.047732639080855815, 0.5486648308039508, -0.1423485292420741], "x": [-0.2534552622330901, -0.2485907854285699, -0.07997768237581518], "t": 27.829225778579712}
{"q": [0.8229210184029041, 0.05011512419347385, 0.5481253590669405, -0.14088316157498226], "x": [-0.25387487185590274, -0.24878709140555777, -0.08046208317085118], "t": 27.839399099349976}
{"q": [0.825120880120813, 0.05287269197367397, 0.545003977604535, -0.13910687154005852], "x": [-0.25435194555882445, -0.24903114855880643, -0.08073784567402917], "t": 27.849392890930176}
{"q": [0.8265069448698374, 0.0552608135382424, 0.5428903053948397, -0.13821242031606354], "x": [-0.25477870293911165, -0.24926636534994534, -0.0811324409536168], "t": 27.859396934509277}
{"q": [0.829643612204289, 0.059386118170289603, 0.5380765247378279, -0.13652258976020115], "x": [-0.2558083795416729, -0.2499848190957563, -0.0819646920010307], "t": 27.86950707435608}
{"q": [0.832467751205012, 0.06206013159859872, 0.5339598604680547, -0.13428648499192097], "x": [-0.25668194767915087, -0.25094338355243684, -0.08279336933934014], "t": 27.879416465759277}
{"q": [0.8370436435020575, 0.06396604706821742, 0.5252187524700463, -0.13932529749313013], "x": [-0.2578432787688334, -0.253485000066548, -0.08354489034099438], "t": 27.889440059661865}
{"q": [0.8383176468307852, 0.0646954170593209, 0.5207987007910402, -0.1476711840551363], "x": [-0.25858585733659323, -0.25696323365911766, -0.08362688199960448], "t": 27.89944291114807}
{"q": [0.8426111391120702, 0.0521609696813555, 0.5218705231376424, -0.12221636856652768], "x": [-0.2593548460274372, -0.2602516526005703, -0.08411419043508046], "t": 27.909514904022217}
{"q": [0.8450626777405035, 0.04121276339020836, 0.5224051289246758, -0.10612975179856794], "x": [-0.25965467943211584, -0.2610817238798769, -0.08448817357193529], "t": 27.920233488082886}
{"q": [0.8456396470226721, 0.0378357579954406, 0.522188669690045, -0.10383186768556021], "x": [-0.26007728561061083, -0.2617360309138866, -0.08514471995678614], "t": 27.92926263809204}
{"q": [0.8489519084163768, 0.041031210272565226, 0.5138074640552805, -0.11661459503559657], "x": [-0.263205962148496, -0.26306368834397137, -0.08629064623975041], "t": 27.93943691253662}
{"q": [0.8505783209566586, 0.04096284488846356, 0.5091259690193934, -0.12501688429311753], "x": [-0.26596433299274724, -0.263991062048137, -0.08694037547000788], "t": 27.949415683746338}
{"q": [0.8516772448448712, 0.031447204941156714, 0.507494597760441, -0.12691028313034822], "x": [-0.26987587614295594, -0.2646798708156613, -0.08744203921231464], "t": 27.959402322769165}
{"q": [0.849892940885532, 0.021799477213444378, 0.5111131176360517, -0.12637325085256101], "x": [-0.27177765616904603, -0.26427568973136706, -0.08720672566336402], "t": 27.969462871551514}
{"q": [0.8402729019195975, 0.00893344871355782, 0.5258863225410149, -0.1315493134641285],