{"q": [0.7203719000581745, -0.06686245359818395, 0.6592551132063832, -0.20488145651463296], "x": [-0.19431865655114078, -0.10419920039285643, -0.06907435510528184], "t": 15.512325763702393}
{"q": [0.719878973412349, -0.06766850337607824, 0.6598183828261062, -0.2045359429996316], "x": [-0.1942521764626295, -0.10409459075937699, -0.06895434231855133], "t": 15.522077322006226}
{"q": [0.7196028948730782, -0.06784584370529054, 0.6600397365238311, -0.20473442202688347], "x": [-0.19417893557340193, -0.10408315749959066, -0.06886281487502478], "t": 15.532238721847534}
{"q": [0.7189335596374131, -0.06734628077236804, 0.6605448947226096, -0.20561969900865357], "x": [-0.19425616515433075, -0.10422133165585712, -0.06886456950469559], "t": 15.54219651222229}
{"q": [0.7187532028522795, -0.06818407022074993, 0.6609111069612508, -0.2047956223871233], "x": [-0.19420260818933177, -0.10417740187999983, -0.06890493815967784], "t": 15.55270767211914}
{"q": [0.7188010931147049, -0.06816881730820337, 0.6609120527020684, -0.20462959924204618], "x": [-0.1941584298998983, -0.10417437924094505, -0.06888864708568687], "t": 15.562326908111572}
{"q": [0.7186470555720823, -0.06776586848376276, 0.6609291967460595, -0.20524806197675816], "x": [-0.1942739574891632, -0.10436014561242571, -0.06889117349165094], "t": 15.572304010391235}
{"q": [0.7186070655752488, -0.06804488884120397, 0.6610740757927975, -0.20482884658067457], "x": [-0.19425922720934063, -0.10425871129736602, -0.06908275261347759], "t": 15.582239866256714}
{"q": [0.7190334745976119, -0.06833405139107827, 0.660689911727296, -0.2044754032985683], "x": [-0.19429776608232852, -0.10422229624202545, -0.06899985231533619], "t": 15.592228889465332}
{"q": [0.7193075414693799, -0.06829380454058395, 0.6604261270645796, -0.20437704972447285], "x": [-0.19419575342949924, -0.10416068936589468, -0.06884466905663307], "t": 15.602261066436768}
{"q": [0.7190860130762642, -0.06796936290570763, 0.6605486171154527, -0.20486813457296968], "x": [-0.19436816096753162, -0.10423274335735921, -0.06893362092985246], "t": 15.612051248550415}
{"q": [0.7195303551114415, -0.06818072378379597, 0.660199200281235, -0.20436363469916632], "x": [-0.19441195978556114, -0.10416506861515964, -0.0688621312477087], "t": 15.622218370437622}
{"q": [0.7198104384244594, -0.06827896770197182, 0.6598348972829671, -0.20452099909787574], "x": [-0.19428506920892974, -0.10417379305913813, -0.06873873585027948], "t": 15.632225275039673}
{"q": [0.7195042326990805, -0.06796713106315011, 0.6599764389403524, -0.2052442150103735], "x": [-0.19437647781032685, -0.10429582810774837, -0.06869851737968977], "t": 15.642192602157593}
{"q": [0.7189933969631657, -0.06780853269729391, 0.6605762785839563, -0.2051571298500616], "x": [-0.19431794996824447, -0.10429977178605934, -0.06879482324036214], "t": 15.652581453323364}
{"q": [0.7192142448773345, -0.06842179179707125, 0.6603747208491073, -0.20482822577201384], "x": [-0.19426633129817028, -0.10420597050527941, -0.06868813640790719], "t": 15.66207766532898}
{"q": [0.7186144249306151, -0.0678589119692943, 0.6608576037676872, -0.20556188342978393], "x": [-0.19434936773935585, -0.10433451789237616, -0.06872373242809235], "t": 15.672304391860962}
{"q": [0.7184760275953612, -0.0680387396227892, 0.6611471986339681, -0.20505435404615097], "x": [-0.1942265317517926, -0.10422124130493382, -0.06891723603461623], "t": 15.682198524475098}
{"q": [0.7184545475956156, -0.06833418677118505, 0.6613366610253939, -0.20441946342427997], "x": [-0.19424038979079483, -0.10419151450051106, -0.06886553481436106], "t": 15.692260265350342}
{"q": [0.7185603276527223, -0.06819085595111582, 0.6613130679405474, -0.2041718207169219], "x": [-0.1941030608941683, -0.10413019991210784, -0.06878810496331852], "t": 15.702215909957886}
{"q": [0.718532609522475, -0.0671530440098412, 0.6612668250212725, -0.2047622624790017], "x": [-0.1943371476511595, -0.10426366411658597, -0.06899092819459908], "t": 15.712209224700928}
{"q": [0.7192824791692123, -0.06662051512145721, 0.6606358154831421, -0.20433966088819897], "x": [-0.19449729977604435, -0.10435194896920433, -0.06905070364146768], "t": 15.72221064567566}
{"q": [0.7208779447089905, -0.06684589528949884, 0.6592219183254484, -0.20320706423391502], "x": [-0.19462676960641934, -0.10432433797628499, -0.06905537287902325], "t": 15.732202291488647}
{"q": [0.7211310347866583, -0.06631851242085882, 0.6587839575988065, -0.2039008143221511], "x": [-0.19482006400318164, -0.10452397990039056, -0.06907896740435703], "t": 15.742223262786865}
{"q": [0.7214894194846486, -0.0660272971852095, 0.6585159365330099, -0.2035931478707802], "x": [-0.1949089325670046, -0.10460820278763253, -0.06920915964453803], "t": 15.752052307128906}
{"q": [0.7230413873874615, -0.0664293291107563, 0.6575496141114476, -0.20106420595989855], "x": [-0.19465976700972842, -0.10469587597491764, -0.06922533038537315], "t": 15.76221227645874}
{"q": [0.7223713112775965, -0.06653711013664679, 0.6585620880362308, -0.20012125758143626], "x": [-0.19453247803276152, -0.1049221139015013, -0.06937633127706548], "t": 15.772236108779907}
{"q": [0.7218458321830565, -0.06801992978664684, 0.6596832227629463, -0.19781280292579534], "x": [-0.1941596305851998, -0.1048337725701474, -0.0695977539326568], "t": 15.782260656356812}
{"q": [0.7192385935751985, -0.07016033948071054, 0.6624424094185013, -0.19734104700903932], "x": [-0.193861321497102, -0.10474913643550082, -0.06973926675618607], "t": 15.792267322540283}
{"q": [0.7180575911328095, -0.07276791950524705, 0.6637277301024299, -0.1963761599729404], "x": [-0.19347939302186068, -0.10479400446206719, -0.07005157660368], "t": 15.802202939987183}
{"q": [0.7168122216897538, -0.07448108817696901, 0.6654533468297353, -0.1944342235290827], "x": [-0.19332307805961157, -0.10479696133199401, -0.07060452238933734], "t": 15.812235355377197}
{"q": [0.7167588154063353, -0.07713143311751292, 0.6663240765894849, -0.1905775399108234], "x": [-0.19309508721759594, -0.10473449162358242, -0.07099349305799041], "t": 15.822027206420898}
{"q": [0.7171471667194721, -0.08240554080891499, 0.6670786359652304, -0.18416107864130588], "x": [-0.1927740053012158, -0.10457609209745672, -0.07151685434277474], "t": 15.832234621047974}
{"q": [0.7197388085389166, -0.08589398232839823, 0.6647367534838478, -0.18089583784223046], "x": [-0.19287651992585408, -0.10448040948804005, -0.07178408092256583], "t": 15.842303991317749}
{"q": [0.715774807016988, -0.08977276657835251, 0.6740684925554578, -0.15886764387713498], "x": [-0.19380128006990094, -0.1013301142157447, -0.07175129253687418], "t": 15.852197408676147}
{"q": [0.7004340759184323, -0.0970658528493033, 0.6863347976538612, -0.17004404036426157], "x": [-0.1948495879171772, -0.10053926449954304, -0.07233631500765955], "t": 15.862250328063965}
{"q": [0.692537339695538, -0.1008609243850169, 0.6913705872809899, -0.17951535161374974], "x": [-0.19681576964381198, -0.09996964009905435, -0.0723198775470302], "t": 15.872023820877075}
{"q": [0.6921940495103774, -0.11125945949719779, 0.6879210409150431, -0.1877586093346324], "x": [-0.19910322074715803, -0.09902993071182459, -0.07224300692226451], "t": 15.882155656814575}
{"q": [0.7007759623874755, -0.11845968661360456, 0.6770441402250043, -0.19102770703253447], "x": [-0.20110825092011664, -0.09861332539403889, -0.07149291315111515], "t": 15.892218112945557}
{"q": [0.7144613513388939, -0.11928800882518945, 0.6598081360711623, -0.1999214654928389], "x": [-0.20415602785581588, -0.09756178252364622, -0.0707524871775686], "t": 15.902191877365112}
{"q": [0.7285797406365369, -0.11322927934474342, 0.6426389314703993, -0.20824473147418182], "x": [-0.20645881965364632, -0.09707171949725624, -0.07039525812802323], "t": 15.912310600280762}
{"q": [0.7543345549725674, -0.09520464311722435, 0.6113186966153791, -0.2195561914375183], "x": [-0.2093776281914861, -0.09694488738855112, -0.069947486707725],