{"q": [0.7945125983875668, 0.08347553213807286, 0.5663468763763002, -0.2025655168588181], "x": [-0.1778990573096142, -0.31808719271872965, -0.07815517571289977], "t": 27.51226305961609}
{"q": [0.7945869329348721, 0.08342477047978465, 0.5661880292678646, -0.2027387382558564], "x": [-0.17786428130836085, -0.3181091942042685, -0.07818646226320257], "t": 27.522457361221313}
{"q": [0.7947712868092045, 0.08353310941002942, 0.5659336225991957, -0.20268201922023646], "x": [-0.17794039704860287, -0.31810221788883963, -0.07823201971272892], "t": 27.532060861587524}
{"q": [0.794779757029347, 0.08348203119499284, 0.5659310993895532, -0.20267690730191376], "x": [-0.17792494842890028, -0.3180446110854612, -0.07822769245876994], "t": 27.542268991470337}
{"q": [0.7947275406864932, 0.08335029565018637, 0.565976541574369, -0.2028089867848807], "x": [-0.17790720890589617, -0.31800877247090964, -0.07821015325571165], "t": 27.552220582962036}
{"q": [0.7947207286092527, 0.08334724638717159, 0.5659714595530022, -0.20285094401089857], "x": [-0.17790597051137458, -0.3179991477948515, -0.07817995520544799], "t": 27.56224513053894}
{"q": [0.7946135943748142, 0.08349543108536162, 0.5661448329043607, -0.202725896819658], "x": [-0.17786831376532974, -0.31802026550087326, -0.07820718494895354], "t": 27.572282552719116}
{"q": [0.7946834371894711, 0.08338088964837159, 0.5660889948671802, -0.20265513230995968], "x": [-0.1778385403126057, -0.31801252836870786, -0.07819814538249314], "t": 27.582260131835938}
{"q": [0.7945078816307297, 0.0835438883871639, 0.5662494932091741, -0.20282788421153097], "x": [-0.1778433110702764, -0.3180447467492821, -0.07820288602892733], "t": 27.5922749042511}
{"q": [0.7945410521140767, 0.08356870112142159, 0.566221619848904, -0.20276556873082205], "x": [-0.1778608693277508, -0.3180517818898725, -0.07818906953682236], "t": 27.602050304412842}
{"q": [0.7945820287778189, 0.08341953580251124, 0.566228984353491, -0.2026457609268625], "x": [-0.17790452009406377, -0.31803928744416265, -0.07817975549268792], "t": 27.612205982208252}
{"q": [0.7946912088249776, 0.08340946333760738, 0.5660139750838883, -0.20282233602293565], "x": [-0.17787952047908528, -0.3180993430627642, -0.07816059458451058], "t": 27.622222185134888}
{"q": [0.7948038243732163, 0.08344068680164012, 0.5659228793003437, -0.20262234294305453], "x": [-0.17788566111552773, -0.31807238315026326, -0.07816761422573296], "t": 27.63221001625061}
{"q": [0.7947595375355387, 0.08336471724592812, 0.565999639771854, -0.20261288362330354], "x": [-0.17789536952688423, -0.3180528340273292, -0.07820811066667194], "t": 27.642189025878906}
{"q": [0.794771797174798, 0.08349772568508337, 0.5659501701697125, -0.20264836495790947], "x": [-0.17789853006987566, -0.31799871434404925, -0.07824766303825345], "t": 27.652231454849243}
{"q": [0.7948889818631518, 0.08336814607702603, 0.5658058117139296, -0.20264514374752796], "x": [-0.17786682523153496, -0.31795285982546173, -0.07819225427817557], "t": 27.662208795547485}
{"q": [0.7948689240095361, 0.0832978314975934, 0.565853554260491, -0.20261931842099085], "x": [-0.17786648745853617, -0.31794448805774794, -0.07821013315175174], "t": 27.67201280593872}
{"q": [0.7948704658518442, 0.08350333232461739, 0.5657931625649378, -0.20269744136835996], "x": [-0.17793349408833492, -0.3179470296912214, -0.07823133854569769], "t": 27.682413339614868}
{"q": [0.7950532289614896, 0.08344253606813434, 0.5655062848486969, -0.20280617620645774], "x": [-0.17798857692930414, -0.31791924145437855, -0.07817830058641051], "t": 27.692233324050903}
{"q": [0.7951522398261004, 0.08350604896856786, 0.5654215093601895, -0.20262807020527335], "x": [-0.1779949248698467, -0.3179439887906313, -0.07822490855659207], "t": 27.70228385925293}
{"q": [0.7952906585998905, 0.08355171711223486, 0.5652021584589128, -0.20267814759550923], "x": [-0.17801109889733335, -0.31794409261562717, -0.0782298136687393], "t": 27.712249755859375}
{"q": [0.7953782542105247, 0.08376216822806276, 0.5650642862968951, -0.2026317743236956], "x": [-0.1779316948902845, -0.31798111244685423, -0.07826437454500647], "t": 27.72288155555725}
{"q": [0.7953841782330157, 0.08373502983569864, 0.5650150398894901, -0.20275721780644412], "x": [-0.17787943038203835, -0.3179756610308753, -0.07823036059957103], "t": 27.73204207420349}
{"q": [0.7953953773111905, 0.08401749071330775, 0.5650299654336111, -0.2025545964400495], "x": [-0.17787559819994936, -0.3180323343851811, -0.07828766160789691], "t": 27.742193460464478}
{"q": [0.7946871594556644, 0.08382906067546386, 0.5661044670506177, -0.20241239139363096], "x": [-0.177926290558448, -0.3180172117380931, -0.07847211868590433], "t": 27.752198696136475}
{"q": [0.7943656328264644, 0.0837379509490921, 0.5665782728319245, -0.202386335485369], "x": [-0.17800965789598355, -0.3180431565673913, -0.07873201610605891], "t": 27.762244939804077}
{"q": [0.7957437239836891, 0.08415923376268726, 0.5644426532753078, -0.20276482532478327], "x": [-0.1785042336232877, -0.3180697579044642, -0.07913290645507798], "t": 27.77223539352417}
{"q": [0.7954452114324896, 0.08498997091778959, 0.5646498803349078, -0.20301274241808093], "x": [-0.17919805326906268, -0.3182598903793474, -0.07969237033042235], "t": 27.782182216644287}
{"q": [0.7931984076352366, 0.08576444715351933, 0.5678075163430485, -0.2026706197505237], "x": [-0.18014716756021287, -0.3186417075182656, -0.0804271255733553], "t": 27.792351722717285}
{"q": [0.7905839298816767, 0.08626835953751524, 0.5708370424100134, -0.20415658310621662], "x": [-0.1822006720689574, -0.3212320750827953, -0.08037009926860074], "t": 27.802217960357666}
{"q": [0.782777942787668, 0.07488248427360977, 0.5871128089311786, -0.1922234036814987], "x": [-0.1841896324237201, -0.32463897656807533, -0.0810131593224547], "t": 27.812021732330322}
{"q": [0.782172183155663, 0.066428715209508, 0.5927007894922303, -0.18027667396200556], "x": [-0.18530479621598528, -0.3270022447841254, -0.08121368569945826], "t": 27.822243213653564}
{"q": [0.7815656097820947, 0.05833421056109094, 0.5966567392776808, -0.1724908546527446], "x": [-0.18550524466363794, -0.3306067590490579, -0.08202423335841909], "t": 27.83224368095398}
{"q": [0.7859710666893716, 0.05938025010180955, 0.5897550712747505, -0.17581936100930487], "x": [-0.1857278973272276, -0.3331263081245759, -0.08324181957605559], "t": 27.842296361923218}
{"q": [0.7954040378199237, 0.06378439078625917, 0.57395309129068, -0.1839614624177609], "x": [-0.18564073808625692, -0.3357475993375077, -0.085484378593602], "t": 27.852216005325317}
{"q": [0.8218481457385807, 0.07420820146371836, 0.5311982934149998, -0.1920601572626048], "x": [-0.18638923438435961, -0.33897238272808744, -0.08848877677953113], "t": 27.862260818481445}
{"q": [0.8405181543665078, 0.07963162343217389, 0.500243072370234, -0.1922107048770823], "x": [-0.18702253378618772, -0.3406757543284471, -0.09021394973558215], "t": 27.872008323669434}
{"q": [0.8587798610538687, 0.08656836402517606, 0.4653275590338372, -0.19614618888909371], "x": [-0.18826876100446, -0.34226210011429437, -0.09128618286840115], "t": 27.882139682769775}
{"q": [0.8637106908776587, 0.08933959967170567, 0.45413958340356747, -0.1994480257215826], "x": [-0.189072825281824, -0.3423891575595331, -0.09119636959953006], "t": 27.892247676849365}
{"q": [0.8606134764574794, 0.09102984471790901, 0.4564603037927081, -0.20664459741419028], "x": [-0.18939982224919283, -0.3416596919620456, -0.08944657463951575], "t": 27.902278900146484}
{"q": [0.847693141176197, 0.08998655167637792, 0.47714151030188656, -0.21366980195516594], "x": [-0.18926679426090998, -0.340484207381805, -0.08626580387204034], "t": 27.912212133407593}
{"q": [0.8342923219092926, 0.0885072301067151, 0.499955137053897, -0.21486630758566305], "x": [-0.18846271176361484, -0.3391206887534335, -0.08375138763415224], "t": 27.923341751098633}
{"q": [0.8194155686657475, 0.0870123298016637, 0.5243627534605813, -0.21454769640562868],