{"q": [0.7712497906121372, 0.13156185085210098, 0.5551179679229112, -0.2823284003612973], "x": [-0.07283953831196044, -0.219749634463047, -0.07852621842394715], "t": 15.55969762802124}
{"q": [0.7709698467622597, 0.13138824185079895, 0.555593765507284, -0.2822378985370081], "x": [-0.07277055329448484, -0.2197329579800845, -0.07850778070010558], "t": 15.569684028625488}
{"q": [0.7705146139309254, 0.13159934329696635, 0.5561176859312043, -0.28235085702061924], "x": [-0.07275621941452037, -0.2197872116341936, -0.07844385902390806], "t": 15.57947325706482}
{"q": [0.7702472150677367, 0.1313303549847541, 0.5564560661193707, -0.28253882304868383], "x": [-0.07276665554530515, -0.21975112671729385, -0.07841955111557175], "t": 15.589445114135742}
{"q": [0.7700602487117324, 0.13140030557118587, 0.556782282460216, -0.28237327687676167], "x": [-0.07268523771378088, -0.21975730871347265, -0.07838634606383063], "t": 15.599395036697388}
{"q": [0.7697470027679149, 0.13129610289252563, 0.557271374461464, -0.2823110106915749], "x": [-0.07263656944512242, -0.219800820305521, -0.07841265700722859], "t": 15.609391689300537}
{"q": [0.7697682790490906, 0.13134142345589989, 0.5572122245168136, -0.2823486392422915], "x": [-0.07260617736022928, -0.21986579252177438, -0.0784402339432811], "t": 15.619399785995483}
{"q": [0.769810366962522, 0.13139936127603602, 0.5571543745576838, -0.2823212685375312], "x": [-0.0726244441563958, -0.21986503136077384, -0.07844383658560246], "t": 15.629453182220459}
{"q": [0.7700476259066495, 0.13123603116661428, 0.5568528042143003, -0.2823450843916857], "x": [-0.07263109065843781, -0.21984726775711017, -0.07846643295701415], "t": 15.63947319984436}
{"q": [0.770229156695228, 0.13126921784102186, 0.5566148593783447, -0.2823036502054627], "x": [-0.07275988303783903, -0.21985780392853324, -0.07848536101305313], "t": 15.649239540100098}
{"q": [0.7706122422550251, 0.13136580419554528, 0.5561411837269029, -0.28214671485388143], "x": [-0.07277850308800005, -0.2198648890582774, -0.07848368309241896], "t": 15.65938425064087}
{"q": [0.77052009994914, 0.1313290538859953, 0.5562038947653833, -0.2822917679311248], "x": [-0.07279343041207487, -0.2198153483739825, -0.07848873817172895], "t": 15.669410228729248}
{"q": [0.7702537825447037, 0.13150778990159478, 0.5565326932830797, -0.2822873965597208], "x": [-0.07273377571557499, -0.21982409232375022, -0.0784803262050332], "t": 15.679424047470093}
{"q": [0.7701025530366292, 0.13144164129189853, 0.5567638061581465, -0.2822750530686223], "x": [-0.07266685256094607, -0.21984547983703825, -0.07846426731253049], "t": 15.68950867652893}
{"q": [0.7699800787072533, 0.13142871803466488, 0.5569401356762925, -0.28226739425564795], "x": [-0.0726673915665777, -0.21981355684502188, -0.07848637898671289], "t": 15.699760913848877}
{"q": [0.7699527078575226, 0.13139635051240783, 0.5569934125960068, -0.28225203794975157], "x": [-0.07263399037385776, -0.2198296156079879, -0.07850044720509083], "t": 15.7093985080719}
{"q": [0.7699540939481353, 0.13141610579596147, 0.5570077355719064, -0.28221057749031686], "x": [-0.07261395259765208, -0.21981567105524327, -0.07851776130122856], "t": 15.719413757324219}
{"q": [0.7700043400208899, 0.13129156629326935, 0.5570252492853036, -0.28209696133975154], "x": [-0.07257797169430547, -0.2197759087550441, -0.07851516563198865], "t": 15.729417085647583}
{"q": [0.769963545240485, 0.1313332168292295, 0.5570142207115688, -0.2822106474998178], "x": [-0.07258872129019744, -0.21975654781625506, -0.07849579110943906], "t": 15.739471435546875}
{"q": [0.7697193267884692, 0.13122364267547088, 0.5573851766847582, -0.2821954609706336], "x": [-0.07254470581683636, -0.21974019457137695, -0.07853109839124459], "t": 15.74991226196289}
{"q": [0.7698034904225727, 0.13127435259290637, 0.5571732656166659, -0.2823607371349897], "x": [-0.07256431133907915, -0.21976720117325327, -0.078536188655228], "t": 15.759250402450562}
{"q": [0.7701744159118998, 0.13107589458304794, 0.5566738522425013, -0.28242650142945064], "x": [-0.07262477824628738, -0.2197306775573172, -0.0785201377608001], "t": 15.770305156707764}
{"q": [0.7701789417267884, 0.13086447143438634, 0.5568333793267194, -0.2821976150130732], "x": [-0.07267336736372504, -0.21975099863018926, -0.07851098347673668], "t": 15.779324769973755}
{"q": [0.7693866985930516, 0.13055627548399906, 0.5579525252305192, -0.28229082870154515], "x": [-0.07266870880975063, -0.21975287834670829, -0.07859709447861887], "t": 15.789515733718872}
{"q": [0.7686757112379343, 0.1297596725391516, 0.5590687330728873, -0.28238654717062156], "x": [-0.07259247699738447, -0.21969545201453333, -0.07868952957471945], "t": 15.799436569213867}
{"q": [0.7665374470594956, 0.12831968418687578, 0.5620700332716104, -0.2828986819024841], "x": [-0.07241093388107744, -0.219708509071041, -0.0789907298913555], "t": 15.8096022605896}
{"q": [0.7631860309134588, 0.12717745809429234, 0.5671586786934139, -0.28231899614003647], "x": [-0.07203361693299398, -0.21980445597798398, -0.07904386016346765], "t": 15.820196866989136}
{"q": [0.7604910292997389, 0.12696574914487363, 0.57094782562769, -0.2820490387660666], "x": [-0.0717683444564835, -0.21985337467442428, -0.07912161819587712], "t": 15.829250812530518}
{"q": [0.7565614797532476, 0.12715388338043132, 0.575545865619702, -0.28318470984756683], "x": [-0.07140118914294702, -0.21996931258768795, -0.07918359530222008], "t": 15.83942461013794}
{"q": [0.74646648676648, 0.1294968435901857, 0.5862171553532933, -0.28699791539720015], "x": [-0.07132127959173562, -0.22059249653473914, -0.07947564937372296], "t": 15.849522352218628}
{"q": [0.7361225775604011, 0.12986703755544327, 0.5950842843407711, -0.2951825866979487], "x": [-0.07195277270594302, -0.22302654388529097, -0.07940315008555417], "t": 15.863297939300537}
{"q": [0.7307645569687111, 0.12710872984994367, 0.6023729178009527, -0.2949124628741629], "x": [-0.07214798610130568, -0.2255180267431123, -0.07966387182546789], "t": 15.869262456893921}
{"q": [0.7335631739270094, 0.12321692809838251, 0.6021106429176593, -0.2901127866315231], "x": [-0.07147238340418749, -0.22956953386445, -0.08096052594860706], "t": 15.879500389099121}
{"q": [0.7420510615552831, 0.12432071026191346, 0.5916188334451133, -0.28964081917613654], "x": [-0.07064435102297695, -0.2320677262728148, -0.08203823388353221], "t": 15.890167713165283}
{"q": [0.7635460093929733, 0.13353856538221032, 0.5586327733834169, -0.29511746032800634], "x": [-0.06847819994992782, -0.23557796366795547, -0.08476890997334367], "t": 15.899320840835571}
{"q": [0.7823389044079195, 0.14280016916339633, 0.524720339845165, -0.3036815545928336], "x": [-0.06778653052845185, -0.23747990616791909, -0.08591403210333468], "t": 15.909441471099854}
{"q": [0.7994695582861906, 0.15119510278406242, 0.49300130082995997, -0.3081204305208022], "x": [-0.06699422385170184, -0.2388404361748404, -0.08714658489901253], "t": 15.919523000717163}
{"q": [0.8212367701705111, 0.16209691200202203, 0.4472468898606039, -0.3150633836674655], "x": [-0.06609646562285254, -0.2395061019185729, -0.08775696358844051], "t": 15.929655313491821}
{"q": [0.829167368436453, 0.16641011716549675, 0.42795961603021654, -0.3188098560915484], "x": [-0.06662737152727666, -0.2392676840938026, -0.08779185419615931], "t": 15.939261674880981}
{"q": [0.8294739184565967, 0.16457193915584162, 0.4287927396336106, -0.31784569552055925], "x": [-0.06782277796819136, -0.23855999226332503, -0.08669819482775731], "t": 15.949648141860962}
{"q": [0.8212379345416309, 0.1546716423730785, 0.45624775365839915, -0.30574972221232266], "x": [-0.06870636840975608, -0.23675279908318753, -0.08490892525807629], "t": 15.959446907043457}
{"q": [0.8140520708452534, 0.14825906608528377, 0.47834567576225856, -0.29414940572812387], "x": [-0.06955498370818136, -0.2353856755483349, -0.08346811452079737], "t": 15.969455242156982}
{"q": [0.8077377598594624, 0.14351601293006586, 0.49816975106807554, -0.2806951453502524],