{"q": [0.7691022218915147, 0.12047406557412416, 0.5677577869917927, -0.26761699384368887], "x": [-0.07588205136950343, -0.20794234164715392, -0.07885241563902395], "t": 3.5022335052490234}
{"q": [0.7691983049955171, 0.12035259123077198, 0.5676970983289147, -0.26752432908616924], "x": [-0.07582731637202478, -0.20794470658303205, -0.07887835890712014], "t": 3.512206554412842}
{"q": [0.7691516445365453, 0.12038197892731015, 0.5676914597895149, -0.2676572020683238], "x": [-0.07586440168704078, -0.20794440751929666, -0.0788677756522077], "t": 3.5222198963165283}
{"q": [0.7691647439684656, 0.12041164452116487, 0.567643305154121, -0.26770826559251304], "x": [-0.07584725574370255, -0.20793797503757433, -0.07885280511876619], "t": 3.5322346687316895}
{"q": [0.7690801902286648, 0.12051589707884158, 0.5677515025993032, -0.2676748895787194], "x": [-0.07588318800640648, -0.20790439265250166, -0.07886521768952603], "t": 3.542201519012451}
{"q": [0.7691137833278693, 0.12047744555187807, 0.567739954756962, -0.26762013818711], "x": [-0.07589099478129313, -0.20789111909418856, -0.07886936788353867], "t": 3.552029609680176}
{"q": [0.7692122459083086, 0.12036338932611775, 0.5675691947960968, -0.26775068715568695], "x": [-0.07588680400357761, -0.20794516806336166, -0.0788570947355596], "t": 3.5622003078460693}
{"q": [0.7692334741216788, 0.12048958481302205, 0.5675680035695455, -0.267635473638729], "x": [-0.07588071747766634, -0.20796079771388232, -0.07889986594981926], "t": 3.5723700523376465}
{"q": [0.7691869263780866, 0.12039258814829049, 0.5675904029315479, -0.26776534574534405], "x": [-0.07585723353388829, -0.20799288782743186, -0.07891387911852735], "t": 3.582223415374756}
{"q": [0.7691907325373881, 0.12044614006758661, 0.5676227873432154, -0.26766153155609385], "x": [-0.07587050246377969, -0.20794528574611076, -0.07893980962406712], "t": 3.5922863483428955}
{"q": [0.769381828507923, 0.1205573057579416, 0.5673541943701631, -0.2676315735609843], "x": [-0.07583513690442639, -0.20794485863521267, -0.0789176961644672], "t": 3.6023151874542236}
{"q": [0.7693473073940502, 0.12049530472906808, 0.5673798950523478, -0.2677045294444873], "x": [-0.0757966217346171, -0.20796200989313393, -0.0789431288077678], "t": 3.612048387527466}
{"q": [0.7693992265248667, 0.12054785010270705, 0.5673032238488835, -0.26769395768788007], "x": [-0.07581429304244197, -0.20791214186599422, -0.07890653293143796], "t": 3.622148275375366}
{"q": [0.7693856947305568, 0.12062747469732707, 0.56734212383846, -0.26761461086997773], "x": [-0.07582461847902744, -0.20787522070280617, -0.07888423376124785], "t": 3.6323928833007812}
{"q": [0.7693144585158272, 0.12054726345996089, 0.567467764881704, -0.2675892312898263], "x": [-0.07584980254461565, -0.20788787987201468, -0.07889120684819385], "t": 3.6421961784362793}
{"q": [0.7692291607384997, 0.12059541286278011, 0.5675606440157013, -0.2676157858387387], "x": [-0.07589227382985342, -0.20784451388019307, -0.07889209364983583], "t": 3.6522057056427}
{"q": [0.7692459578586274, 0.12053304028167702, 0.5675598620460243, -0.26759721030411715], "x": [-0.07589049608902948, -0.2078703584754091, -0.0788912676167039], "t": 3.6621830463409424}
{"q": [0.7692628911107141, 0.12044690735961965, 0.5675149975210921, -0.2676824507934114], "x": [-0.07589366477895954, -0.20794258900128287, -0.07886489358297084], "t": 3.672320604324341}
{"q": [0.7692496373604071, 0.12056134550701855, 0.5675341665003034, -0.2676283152903465], "x": [-0.0759285972943965, -0.20797816243226624, -0.07883339595772867], "t": 3.6822307109832764}
{"q": [0.7693722109321057, 0.12050778178817967, 0.5673309166889872, -0.26773105822957766], "x": [-0.07593359149591572, -0.20797708060060915, -0.07881790798859714], "t": 3.6922426223754883}
{"q": [0.7692408062722549, 0.12061159254410808, 0.5674618795660679, -0.267784267137177], "x": [-0.07591710163785309, -0.20794734975279788, -0.07885810565664786], "t": 3.7022719383239746}
{"q": [0.769298811975652, 0.12038679187710744, 0.5674865333285464, -0.26766660610642123], "x": [-0.07586444282099392, -0.20793132713691873, -0.07886486100643818], "t": 3.71205472946167}
{"q": [0.7693324318610811, 0.12055719173510758, 0.5674253625210814, -0.2676229371383396], "x": [-0.07591513149663881, -0.20792662315764793, -0.07890590705097271], "t": 3.7221903800964355}
{"q": [0.7693766705033561, 0.1206043476160894, 0.567361245351309, -0.26761061778305384], "x": [-0.07587991808069877, -0.20792529081197544, -0.07892076560877728], "t": 3.7322235107421875}
{"q": [0.7694247419689625, 0.12056719225184237, 0.567263015116995, -0.2676973006602262], "x": [-0.07589652968354149, -0.20793015728989245, -0.07890989311894805], "t": 3.7422990798950195}
{"q": [0.7694467602497093, 0.12047495608261802, 0.567275073815006, -0.2676498516086068], "x": [-0.07586704991423188, -0.20792304483467977, -0.07892129179017186], "t": 3.7532784938812256}
{"q": [0.7694769389331705, 0.12045461469462923, 0.567258668957972, -0.2676069685003236], "x": [-0.07587247097403987, -0.20792918947089867, -0.07894268956365347], "t": 3.762098550796509}
{"q": [0.7695424284187582, 0.12048364754931423, 0.567192449071649, -0.26754591932919797], "x": [-0.0759009777411565, -0.20793621853043046, -0.07895301205141224], "t": 3.7723147869110107}
{"q": [0.7695911987001731, 0.12068034829490819, 0.567073061019242, -0.26757007864174925], "x": [-0.07593373005945675, -0.2079198605206745, -0.07892966223737513], "t": 3.782118797302246}
{"q": [0.7695662352524303, 0.12052258397460743, 0.5670895525458252, -0.26767803786455424], "x": [-0.07593755762108706, -0.20792778003060985, -0.07895050366717496], "t": 3.792201042175293}
{"q": [0.7699962174726989, 0.12046848788777828, 0.5664045063188946, -0.26791630661506777], "x": [-0.07607893389469195, -0.207876431935252, -0.07904091289629805], "t": 3.8022499084472656}
{"q": [0.7706458786711966, 0.11975779612103382, 0.5656344852819678, -0.2679937225723161], "x": [-0.07626919889820655, -0.20780156685426235, -0.07938734463087418], "t": 3.8121957778930664}
{"q": [0.7708464935255401, 0.11865816944305174, 0.5656647385591487, -0.2678420008949611], "x": [-0.07642836370807782, -0.20756912004402372, -0.07945998453562633], "t": 3.82218861579895}
{"q": [0.7695508949959807, 0.11396471996650692, 0.5683749573485469, -0.26786823860388626], "x": [-0.07670542685577758, -0.2070397255139318, -0.07958901080476946], "t": 3.8323066234588623}
{"q": [0.7674228880529015, 0.11277002914524409, 0.5721710379541071, -0.26639311727154674], "x": [-0.07717826074617412, -0.20611695836444563, -0.07954181555986949], "t": 3.8422374725341797}
{"q": [0.7621440664646144, 0.11026420981521988, 0.5798628063051782, -0.26596493983045577], "x": [-0.07671485973438963, -0.20536626010347891, -0.07955933153959197], "t": 3.8522555828094482}
{"q": [0.7472803345865776, 0.11198527479736294, 0.5903674495000176, -0.28372110301885806], "x": [-0.07577775755280564, -0.20617993119349654, -0.07959346678361938], "t": 3.8624889850616455}
{"q": [0.7447094907610259, 0.11265641017475225, 0.5925402648524912, -0.2856787148571047], "x": [-0.0748667905585314, -0.2069666048877461, -0.07940174994625385], "t": 3.8721044063568115}
{"q": [0.743284293630983, 0.1141008191127964, 0.5964920998930603, -0.28054697304423953], "x": [-0.07289103960575316, -0.20862229472751428, -0.07949075053190564], "t": 3.882171392440796}
{"q": [0.7423657508377782, 0.12152906945313628, 0.5971216228942396, -0.27851312796054845], "x": [-0.07094385577685225, -0.21119670617244948, -0.08041585618350584], "t": 3.898972272872925}
{"q": [0.7447346911037008, 0.12541999727138953, 0.5920005948429978, -0.28138113203002385], "x": [-0.07064511174235794, -0.21199732114330627, -0.0804796235932079], "t": 3.9020655155181885}
{"q": [0.7513828103882308, 0.13301097416959537, 0.5791079016147268, -0.2869947382032794], "x": [-0.0703424833035241, -0.2135581786206051, -0.08048263780675316], "t": 3.912229537963867}
{"q": [0.7637336359598016, 0.14419757201968122, 0.5554770750584521, -0.2955725940641113],