{"q": [0.7639574479068479, 0.08711050554390232, 0.5970689467039298, -0.22866894120244285], "x": [-0.17395088558491845, -0.3000749877899726, -0.0776150064558128], "t": 23.559413194656372}
{"q": [0.7640352308836257, 0.08700001802240201, 0.5969879129174419, -0.22866262660234993], "x": [-0.17392940875155027, -0.30006610765801167, -0.077591745392243], "t": 23.56943106651306}
{"q": [0.7639013751830346, 0.08687006210577122, 0.5972168296888902, -0.22856145568012146], "x": [-0.17397121000547933, -0.3000692913004578, -0.07751237866128521], "t": 23.57924485206604}
{"q": [0.76374484891801, 0.08689772490603825, 0.597361777593884, -0.22869531715727293], "x": [-0.17398481219637651, -0.30009339204987734, -0.07752509437342106], "t": 23.58944058418274}
{"q": [0.763692619524405, 0.08683092360595789, 0.5974250944316521, -0.22872945134697067], "x": [-0.1740256608623756, -0.3000475932744455, -0.07750689485286726], "t": 23.59948420524597}
{"q": [0.7636731448479647, 0.08686202442183491, 0.5974445700723227, -0.22873200262854085], "x": [-0.17403710225384406, -0.30000247117409923, -0.07754491230991399], "t": 23.609411001205444}
{"q": [0.763801721909478, 0.08702813555973737, 0.5971782203577342, -0.22893500349488294], "x": [-0.17415449617420775, -0.3000348576575663, -0.07753571276445985], "t": 23.619414806365967}
{"q": [0.7640132194718737, 0.08712366654227663, 0.5968671046298808, -0.22900428227434694], "x": [-0.17422117466105358, -0.300045766724842, -0.07754036711130362], "t": 23.62924361228943}
{"q": [0.764298245238398, 0.08705702444729073, 0.596574459413354, -0.22884097649812515], "x": [-0.1742835711380295, -0.30006881827133086, -0.07754517734386193], "t": 23.639432907104492}
{"q": [0.7644138951384394, 0.08723959971169849, 0.5964675649233816, -0.22866374655953037], "x": [-0.17431374274180933, -0.30004908674972314, -0.0775980923445524], "t": 23.649443864822388}
{"q": [0.764614814772249, 0.08727932266404409, 0.5961455943351359, -0.22881649569385312], "x": [-0.17432914641983566, -0.3001139201977836, -0.07758421162901948], "t": 23.65941286087036}
{"q": [0.7646839479045052, 0.08716443429284834, 0.596098758741771, -0.22875136334988752], "x": [-0.17432012440134081, -0.3000783782918274, -0.07754262710822335], "t": 23.669411659240723}
{"q": [0.7647188246163737, 0.08717735598917661, 0.5960333305507819, -0.22880014885838962], "x": [-0.17428941227379158, -0.30009404391208283, -0.07750294310291402], "t": 23.679410219192505}
{"q": [0.7644589527575315, 0.0870688166716582, 0.5963416433879138, -0.2289064130743344], "x": [-0.17419503609352327, -0.30013112016459564, -0.07746098475117531], "t": 23.68940567970276}
{"q": [0.7642718390256926, 0.08715831177133487, 0.5965850306957278, -0.22886305948270966], "x": [-0.1741290757936973, -0.3001067694277366, -0.07741091368875887], "t": 23.699486255645752}
{"q": [0.7640142842726435, 0.08712781883312586, 0.5969299440903304, -0.228835281081548], "x": [-0.1740162109600789, -0.300061147537869, -0.07747754244835754], "t": 23.709246158599854}
{"q": [0.7639028412309569, 0.08711923511298465, 0.5970777251321321, -0.22882510707519424], "x": [-0.17395059434355398, -0.30008901069737176, -0.07749283932492282], "t": 23.71946954727173}
{"q": [0.7636670527313364, 0.08709174674556552, 0.5973595183403695, -0.2288870459835203], "x": [-0.17394214041295264, -0.3000866345266302, -0.07749651426130377], "t": 23.729432821273804}
{"q": [0.76372221378684, 0.08709035152817178, 0.5972742171355175, -0.2289260860000718], "x": [-0.1739281331543313, -0.30010397962792623, -0.07750759074344238], "t": 23.739507913589478}
{"q": [0.763728810996671, 0.08708430381683482, 0.5972847432460132, -0.22887892183016356], "x": [-0.17396085461599387, -0.30005604826960874, -0.0775211160199632], "t": 23.74925994873047}
{"q": [0.763822160026437, 0.08711591263085125, 0.5971263275351484, -0.2289687543031848], "x": [-0.17398301374629555, -0.3000559745334077, -0.07752869704805691], "t": 23.759403944015503}
{"q": [0.7638125200430296, 0.08695683412712177, 0.5971582888356839, -0.2289780081845561], "x": [-0.17403505228176464, -0.3000425030958774, -0.07754821884001366], "t": 23.76946759223938}
{"q": [0.7639794901832695, 0.08707770912894358, 0.5969549336777992, -0.2289053571473751], "x": [-0.1740949797994692, -0.30000274109730546, -0.07759083911275094], "t": 23.77944779396057}
{"q": [0.7641539162174924, 0.08700959958014964, 0.5967718261298962, -0.22882654374694358], "x": [-0.1740875629258094, -0.3000239976694903, -0.07757737070041255], "t": 23.789466381072998}
{"q": [0.76387946198479, 0.08711062536260884, 0.5970000490437346, -0.22910871961474777], "x": [-0.1740627399221385, -0.3000251787962629, -0.07756384397987315], "t": 23.799416303634644}
{"q": [0.7631266280278823, 0.08712568346611915, 0.5979011206498885, -0.22926213179465377], "x": [-0.17402997318182511, -0.30005164542958196, -0.07765269876577138], "t": 23.809398889541626}
{"q": [0.762273222178798, 0.08713590675665239, 0.5988974798802211, -0.2294965516372421], "x": [-0.174168875903846, -0.30006921941107795, -0.0779136768650112], "t": 23.81936502456665}
{"q": [0.7623200658716752, 0.0873836994589653, 0.5987383737458507, -0.22966179806147732], "x": [-0.17454335026859757, -0.3000535571004164, -0.07835043816631115], "t": 23.830138206481934}
{"q": [0.7626358022052097, 0.08747021707765865, 0.5983105532244045, -0.2296956049447713], "x": [-0.1750435096087195, -0.30003017172665797, -0.07880036346523023], "t": 23.839299201965332}
{"q": [0.7625615682161592, 0.08877107019750108, 0.598008255699571, -0.2302296643280358], "x": [-0.17571930271295444, -0.3003005718666871, -0.07928431068605621], "t": 23.84943389892578}
{"q": [0.7579907326364761, 0.0869255965163382, 0.6019690706052264, -0.23564216075855698], "x": [-0.17747511597373822, -0.302607305617077, -0.07953042100461864], "t": 23.859351873397827}
{"q": [0.7550434351248699, 0.08080856447517278, 0.6080765573971966, -0.2315648669086793], "x": [-0.1793953348641043, -0.30691084416108605, -0.07965026281871444], "t": 23.869430780410767}
{"q": [0.7543127028168236, 0.07387113279603646, 0.6127407313895328, -0.2238396509500073], "x": [-0.18016826383859708, -0.3105543007716053, -0.08032237821682943], "t": 23.879472732543945}
{"q": [0.757012787833719, 0.06801951372104549, 0.6128922443884305, -0.2160278406482765], "x": [-0.18054621705711194, -0.3144584349982834, -0.08122784406876873], "t": 23.889397382736206}
{"q": [0.769051116243976, 0.06677290080954579, 0.6005564094058538, -0.2084075403215826], "x": [-0.18026283209639538, -0.3193046658356736, -0.0826730302904672], "t": 23.899463891983032}
{"q": [0.783523657348672, 0.07246395243417994, 0.5801378912867015, -0.21042736973229254], "x": [-0.1806930103340525, -0.3230983547374996, -0.085293718657681], "t": 23.90945601463318}
{"q": [0.7932976403804798, 0.07931512438262747, 0.563641079340326, -0.21609402449398435], "x": [-0.18161346697173686, -0.3247367974745269, -0.08717378174691182], "t": 23.91942524909973}
{"q": [0.8026475712926906, 0.08523694807805478, 0.5468928245138553, -0.22226047762696072], "x": [-0.1822471292041007, -0.32579847684069774, -0.08855333780622418], "t": 23.92926001548767}
{"q": [0.8114538584327909, 0.09211057008699522, 0.5295188510446862, -0.2294953360530994], "x": [-0.1831376216291578, -0.3263637009178909, -0.08962420825497609], "t": 23.939459562301636}
{"q": [0.8093884557531699, 0.09261183257958357, 0.5298067846796192, -0.23583494244499795], "x": [-0.18371139000616798, -0.32560595503314793, -0.0888913973006715], "t": 23.94939613342285}
{"q": [0.7991432322973064, 0.089377336523394, 0.5440168342963587, -0.2396402149413874], "x": [-0.18363735652192636, -0.32357211662294083, -0.08690873515571801], "t": 23.959392786026}
{"q": [0.7944918306830824, 0.08866565187958436, 0.550731971019045, -0.24003222693182039], "x": [-0.18346581926193184, -0.32270954931425705, -0.08610655852998976], "t": 23.96939969062805}
{"q": [0.7799620257027642, 0.08928958396006237, 0.5710737510213191, -0.23991936603606304], "x": [-0.18259341181095767, -0.31949411427853297, -0.08345371009330256],