{"q": [0.8157227277490814, -0.0004963776750748494, 0.573212275843875, -0.07761352380114006], "x": [-0.32299696184635307, -0.3355389492793327, -0.07974998690892816], "t": 39.55962610244751}
{"q": [0.8158177478416915, -0.00041792031424078835, 0.573067755563664, -0.0776825297783664], "x": [-0.3229855789878109, -0.3355162372840385, -0.07973653798048348], "t": 39.56928610801697}
{"q": [0.8159424626132225, -0.0002928931803360818, 0.5728951324383863, -0.0776463150972554], "x": [-0.3229753310197452, -0.3355317849879279, -0.07969530280677332], "t": 39.57937526702881}
{"q": [0.8158813624691336, -0.00022456466239463568, 0.5729809216611216, -0.07765560589878291], "x": [-0.3229879910137996, -0.3355599301827389, -0.07971709528940256], "t": 39.589402198791504}
{"q": [0.8160604072397774, -3.595020588859077e-05, 0.5727411128391997, -0.07754362649871283], "x": [-0.32296915513341107, -0.33552351778388545, -0.07970371353206059], "t": 39.599475622177124}
{"q": [0.816008579816675, 2.2193479628659918e-05, 0.5727825632037736, -0.0777826479984001], "x": [-0.32295072859306695, -0.33553711549637405, -0.07967506000657991], "t": 39.60942506790161}
{"q": [0.8160735715475895, -2.2766652735900506e-05, 0.5726907012636229, -0.07777678990171157], "x": [-0.32296133451084996, -0.33554254246794724, -0.07965757555286883], "t": 39.619234800338745}
{"q": [0.8159726122821742, -0.00018990679121871912, 0.5728469201230844, -0.07768575479888687], "x": [-0.3229133971369148, -0.33556211661308255, -0.07968715339716788], "t": 39.62943387031555}
{"q": [0.8157775455532134, -0.00039186501666356455, 0.5730914656469273, -0.07792914717859804], "x": [-0.32294104459258755, -0.33557578983128555, -0.0796636818986789], "t": 39.63947033882141}
{"q": [0.8155994774245322, -0.0004089578805221844, 0.5733532253643472, -0.07786790486524198], "x": [-0.322989270697728, -0.3356092137731446, -0.07965522040756934], "t": 39.64948105812073}
{"q": [0.815633199054723, -0.0004777648900520376, 0.5733170288534274, -0.07778079957331596], "x": [-0.32298929206780347, -0.335574446494475, -0.07965200497219219], "t": 39.65922164916992}
{"q": [0.8156528834545455, -0.0005264352422041652, 0.5732969821024838, -0.07772128533475849], "x": [-0.323067283461542, -0.3356143465534932, -0.07969305506765433], "t": 39.66940689086914}
{"q": [0.8156753633344571, -0.0006746836906101061, 0.5732660503970406, -0.07771247327392244], "x": [-0.32308893847264974, -0.3355829770000491, -0.07965303133228065], "t": 39.679466009140015}
{"q": [0.8157309377830954, -0.0003888594720249938, 0.573191346988591, -0.0776824841036414], "x": [-0.32311821341725544, -0.33560279407607574, -0.07969388868490945], "t": 39.689619064331055}
{"q": [0.8158981177252962, -0.00017619460156796662, 0.5729798806387189, -0.07748696886794174], "x": [-0.32312727567788224, -0.33555237492630524, -0.0797445657301612], "t": 39.699469566345215}
{"q": [0.8158568912684098, -0.00024959008672074956, 0.5730500412964112, -0.07740200533392598], "x": [-0.3230461766114049, -0.33552574370207394, -0.07973669987019039], "t": 39.70947265625}
{"q": [0.8156252917188649, -0.00014769669626576998, 0.573359718679989, -0.07754976928754247], "x": [-0.322936542569506, -0.3355435732409419, -0.07975969654233923], "t": 39.719425201416016}
{"q": [0.8155297316923437, 7.759620485131569e-05, 0.5734966487516557, -0.07754237330118485], "x": [-0.3229363609772541, -0.3355429870047664, -0.07974832218062104], "t": 39.729243755340576}
{"q": [0.8156296264641997, -5.61180609761347e-05, 0.5733460662055492, -0.07760519741166651], "x": [-0.32290010325351837, -0.33553968582106425, -0.07972930735486283], "t": 39.739410638809204}
{"q": [0.8155809826157626, -4.439956551885449e-05, 0.5734159776526173, -0.0776001166274927], "x": [-0.3229806573951197, -0.3355625915348735, -0.07975300229171599], "t": 39.749484062194824}
{"q": [0.8157148077841415, -0.00020541378045657588, 0.5732250195982602, -0.0776040635669028], "x": [-0.3230169129337245, -0.3355736472763667, -0.07977553448851753], "t": 39.75941824913025}
{"q": [0.8159216782424549, -0.0005562239769097699, 0.5729116014803102, -0.07774151335318667], "x": [-0.3230507074032861, -0.3355598612337804, -0.07974982912011211], "t": 39.76945471763611}
{"q": [0.8158489421904087, -0.0008079561107871419, 0.5730602545997097, -0.0774069237274307], "x": [-0.32303452675765243, -0.3355490543236776, -0.07978275950682967], "t": 39.77985239028931}
{"q": [0.8154543174111198, -0.0006206399466282819, 0.5735760654594367, -0.07774542545898108], "x": [-0.32298797657721434, -0.33559380395400346, -0.07985361477961908], "t": 39.78923773765564}
{"q": [0.8156800108422764, -5.37050929565186e-06, 0.5732786808755939, -0.07757381419136258], "x": [-0.3230899466282773, -0.3356446213319859, -0.07998429692014461], "t": 39.799400806427}
{"q": [0.8166675866353816, 0.001934355886575534, 0.5719208993470681, -0.0771800072047065], "x": [-0.32353619293741276, -0.3358000117767087, -0.08034634685901416], "t": 39.80952429771423}
{"q": [0.8208294957658132, 0.005666537298832985, 0.5660339049144613, -0.07623941979768444], "x": [-0.3245696038391541, -0.3359939564300692, -0.08077637787964313], "t": 39.819506883621216}
{"q": [0.8240647182531586, 0.00942914448491225, 0.5612744161526756, -0.07615449078124417], "x": [-0.3255478103835815, -0.33634741065453255, -0.08134806363682685], "t": 39.82943081855774}
{"q": [0.8274935086147837, 0.012227399951938112, 0.5563712177354018, -0.074538972111933], "x": [-0.3267767618137486, -0.33687977470605707, -0.08206728502297721], "t": 39.83940672874451}
{"q": [0.8358724694546115, 0.01720614997167076, 0.5443319600580498, -0.06873048102843385], "x": [-0.3286029632141849, -0.33774895419782447, -0.08353173515453331], "t": 39.84947371482849}
{"q": [0.8418133500719385, 0.020882880403266843, 0.535306950326976, -0.06603550609008348], "x": [-0.32965058603725483, -0.33903120936900694, -0.08422212080977225], "t": 39.859445333480835}
{"q": [0.8468518534106373, 0.013805669239528182, 0.5278954641134992, -0.06306880456142169], "x": [-0.3319033619509716, -0.34262767913502873, -0.08321062874138106], "t": 39.8692421913147}
{"q": [0.8355256164471565, -0.004253574324412757, 0.5470688348209747, -0.05093648853176401], "x": [-0.33342593502917683, -0.34440002509711143, -0.08414198224213187], "t": 39.87943911552429}
{"q": [0.8290091802351438, -0.023719053165719525, 0.5570167662588699, -0.043743901752795265], "x": [-0.3362201950751358, -0.34669700587403324, -0.08418279388136965], "t": 39.88970184326172}
{"q": [0.8256303188977672, -0.02962573097373522, 0.5612105947544686, -0.049995400564701406], "x": [-0.33833177667353564, -0.34891225751319793, -0.0841892779972004], "t": 39.899290561676025}
{"q": [0.8239294573635227, -0.033029086246090855, 0.5630031851265926, -0.055469129700470535], "x": [-0.34140005343080093, -0.3524368934400538, -0.08512667956258593], "t": 39.9093759059906}
{"q": [0.8255493740620587, -0.03330147145558775, 0.5605750538397214, -0.05581098791364211], "x": [-0.3435463444304022, -0.3547468660520056, -0.08566568975725507], "t": 39.91943168640137}
{"q": [0.8283411227652565, -0.03598398809165519, 0.5567611620216065, -0.05072598527418482], "x": [-0.3455431714652468, -0.35694575037870235, -0.08605809752113913], "t": 39.92938208580017}
{"q": [0.8278613419440278, -0.03704354015465411, 0.5574837327037097, -0.04985269117723836], "x": [-0.3463177439971794, -0.3580192903169659, -0.08608196611323252], "t": 39.939395904541016}
{"q": [0.8264767664154192, -0.03760230989397116, 0.5593780278981436, -0.05117044971227354], "x": [-0.3464106064508248, -0.3585035968412612, -0.08594751599247089], "t": 39.9494469165802}
{"q": [0.8156713709594456, -0.040153338777852446, 0.5738920266440084, -0.0609578456337149], "x": [-0.34597005265239644, -0.35956805352975635, -0.08449105373311952], "t": 39.95945763587952}
{"q": [0.8058304582374242, -0.040203521840022224, 0.5869149503345653, -0.06746645572549487], "x": [-0.34420952503081426, -0.3594326507270409, -0.08245479778590656],