{"q": [0.7811352428924604, 0.10393827576585973, 0.5652188675417682, -0.24403314140233928], "x": [-0.13515563795811397, -0.21963540943415658, -0.0780485074745428], "t": 11.559591054916382}
{"q": [0.7810348751247282, 0.10386958606347674, 0.5652333900684732, -0.24434987330818408], "x": [-0.13519108185849804, -0.21965064171669857, -0.07802572282547321], "t": 11.569258689880371}
{"q": [0.7811333373719667, 0.10382792656398498, 0.5651986374517701, -0.2441331302466926], "x": [-0.13519635728848578, -0.21965706597088272, -0.07801803622356515], "t": 11.579662322998047}
{"q": [0.7813551971004973, 0.10411578960169005, 0.5648624761399125, -0.24407852241641262], "x": [-0.13527254514476983, -0.2196476818317172, -0.07802223023551492], "t": 11.58952260017395}
{"q": [0.7817290712111072, 0.10414200239436358, 0.5643132920889129, -0.244140535492313], "x": [-0.1353189808658447, -0.21959731755437098, -0.07800729050412432], "t": 11.599475383758545}
{"q": [0.7819846150306299, 0.10418470844935593, 0.5638703535622503, -0.24432725166281336], "x": [-0.13538359615298245, -0.2195664044345912, -0.07798874566340769], "t": 11.609439849853516}
{"q": [0.782359140881977, 0.10422868396134305, 0.5634738624679808, -0.244024084196746], "x": [-0.13536360989828528, -0.21956868419519843, -0.07799627104097617], "t": 11.619426488876343}
{"q": [0.7824019987312802, 0.10414548753084082, 0.563382220619302, -0.2441337111156618], "x": [-0.13533062203539237, -0.21951695389360618, -0.07797207740082115], "t": 11.629431962966919}
{"q": [0.7824045824471364, 0.10425661568810497, 0.5633394838825513, -0.24417679687400634], "x": [-0.13532723264743912, -0.21953353996432448, -0.07797097688273309], "t": 11.639442682266235}
{"q": [0.7823618794900683, 0.10421318593823607, 0.5634381753076312, -0.24410436298054627], "x": [-0.1353215736958825, -0.21953319913482933, -0.07798386235943061], "t": 11.649531364440918}
{"q": [0.7824273376403007, 0.1042846305442004, 0.563359089961022, -0.24404656457539436], "x": [-0.13533335385077472, -0.21953901743395202, -0.0779853882667963], "t": 11.65927529335022}
{"q": [0.7823446273279552, 0.10413964566750758, 0.5634649821895532, -0.24412910203194438], "x": [-0.13533591274024587, -0.21954245439638656, -0.07799109481867916], "t": 11.67041015625}
{"q": [0.7823097598008681, 0.10430256188883982, 0.5635231014124585, -0.24403716884247542], "x": [-0.1353396510258006, -0.2195557822145086, -0.07797298700391278], "t": 11.679255247116089}
{"q": [0.7822051475622994, 0.10417125615994334, 0.5636889441219516, -0.24404563654452172], "x": [-0.1352940170507992, -0.21959528897639927, -0.07800923962177236], "t": 11.689400911331177}
{"q": [0.7822215381327567, 0.10413159776600084, 0.5636140385998407, -0.24418288093706475], "x": [-0.13530804163760418, -0.21956955434633982, -0.07803367953031283], "t": 11.699419736862183}
{"q": [0.7821876349975193, 0.10414407434517875, 0.5637136444592677, -0.24405623324936537], "x": [-0.13530254615671372, -0.21955209988239352, -0.07808022875633686], "t": 11.709397792816162}
{"q": [0.7821583603597648, 0.10421610379086697, 0.563728759094036, -0.24408443817427677], "x": [-0.135336931817445, -0.21955775841147998, -0.078091775232378], "t": 11.719954013824463}
{"q": [0.7821039071139275, 0.10413024604225637, 0.5637626589002058, -0.24421719054343724], "x": [-0.13540602756689019, -0.21962045016074333, -0.07815245069866633], "t": 11.729260921478271}
{"q": [0.7822285619450746, 0.1041023778685931, 0.5636220862048797, -0.24415433662564637], "x": [-0.1354506981429261, -0.21961773115119537, -0.07811606413715094], "t": 11.739548921585083}
{"q": [0.7821188299781616, 0.10406502259805656, 0.5638020973820285, -0.24410606776457888], "x": [-0.1354887011146899, -0.21957151050571921, -0.07813702046350979], "t": 11.74924087524414}
{"q": [0.7822437232617702, 0.10422880616959163, 0.563589668599886, -0.24412666669730387], "x": [-0.13542882559556702, -0.21961527351848942, -0.07813688195282406], "t": 11.759448528289795}
{"q": [0.7822118641358027, 0.10427377140109699, 0.5635816553879637, -0.24422800520272755], "x": [-0.1354948006363932, -0.21960639944654245, -0.07816657774775852], "t": 11.769429683685303}
{"q": [0.783094004832397, 0.10439705594567063, 0.5623956499104869, -0.2440822253871661], "x": [-0.135698066190709, -0.2196262050320851, -0.07820530274310246], "t": 11.77943754196167}
{"q": [0.7836810584452751, 0.10439213655235266, 0.5615980293334604, -0.244036766673008], "x": [-0.13574059817992745, -0.21963712889560288, -0.0782027315661697], "t": 11.789411544799805}
{"q": [0.783746971342375, 0.1042486828975413, 0.5616343519914193, -0.24380266798361636], "x": [-0.13566220155056435, -0.21968754559008133, -0.07812324967811227], "t": 11.799436092376709}
{"q": [0.7824938647856781, 0.10297519241309351, 0.5637907440245734, -0.24339156004781415], "x": [-0.1354885298746475, -0.21997806180705937, -0.07800746274842443], "t": 11.809481859207153}
{"q": [0.7818136710291159, 0.10127361107198274, 0.5666789069110287, -0.23955386223950428], "x": [-0.13531787009991175, -0.21998427003591137, -0.0781598539866542], "t": 11.819246530532837}
{"q": [0.7814472491953618, 0.10158548768797965, 0.566369395472266, -0.24134265287045714], "x": [-0.13517653194722046, -0.21992207398530206, -0.07840496270075951], "t": 11.829444646835327}
{"q": [0.7811257783984268, 0.10210163581632227, 0.5655205877174635, -0.24413978104332965], "x": [-0.13565683471465834, -0.21988128768341714, -0.07859678411316902], "t": 11.839429140090942}
{"q": [0.7844045558035031, 0.1017210025355043, 0.561438322240189, -0.2432063733253238], "x": [-0.13614962285784138, -0.21959957016421924, -0.07920973299539472], "t": 11.849467754364014}
{"q": [0.7863422992880541, 0.10349971027949376, 0.5574380512224285, -0.2453904066723504], "x": [-0.13671438300331057, -0.21964320887676508, -0.07944495901046766], "t": 11.859412908554077}
{"q": [0.7870041241297252, 0.1055963513705862, 0.5549878364583282, -0.24791619213561275], "x": [-0.13756092656723212, -0.220260911560435, -0.07987579803845835], "t": 11.869462490081787}
{"q": [0.7898072812489507, 0.10716287234304457, 0.5499308159715047, -0.24959305622433323], "x": [-0.13930750497275923, -0.2220893924336739, -0.0805956576544354], "t": 11.879411697387695}
{"q": [0.7921502642073419, 0.10614048294989141, 0.5475846972158359, -0.2477562181130831], "x": [-0.1401810202282901, -0.22391463626063585, -0.08104350785728132], "t": 11.889466047286987}
{"q": [0.7968595249359525, 0.10392103199775451, 0.5424831380694852, -0.24480057910648112], "x": [-0.14123825335987306, -0.2274529927750087, -0.08174031160316989], "t": 11.899425029754639}
{"q": [0.8035412618261019, 0.10159155855579888, 0.5335100184229047, -0.24365464106723736], "x": [-0.1415739331752765, -0.23134252875549258, -0.08287164036529798], "t": 11.909454584121704}
{"q": [0.8092937841507828, 0.10213878556930504, 0.524216772354113, -0.24455680162014726], "x": [-0.1418555101533151, -0.2337799497112371, -0.08374632994547983], "t": 11.919522762298584}
{"q": [0.8155032398610099, 0.10428907381028664, 0.5133900746871713, -0.2459854818302852], "x": [-0.141824916134545, -0.23581870714166925, -0.08423338996256406], "t": 11.929229974746704}
{"q": [0.8238329832156012, 0.10984470604982442, 0.4977779012918914, -0.24789222575619793], "x": [-0.1428375958426571, -0.23827454632904388, -0.08511867239114326], "t": 11.939337730407715}
{"q": [0.8278452866073177, 0.11301010703001173, 0.4911935619317025, -0.2462311687199482], "x": [-0.1435762000199784, -0.23937578434812962, -0.08512032274259412], "t": 11.949432611465454}
{"q": [0.827655341949855, 0.11909575241695534, 0.49237868876932467, -0.2415906104083096], "x": [-0.14408662323943683, -0.23995397976416527, -0.08421009526889567], "t": 11.95950174331665}
{"q": [0.8217469525817084, 0.12164750765687386, 0.5018979494781339, -0.24089885742917472], "x": [-0.14377578557331294, -0.24003764283852347, -0.08311283796537465], "t": 11.969401836395264}
{"q": [0.8050469409132709, 0.12113249825664939, 0.5277900331565563, -0.242206548820503],