{"q": [0.7407733489512665, 0.15036898473707067, 0.5777773590108939, -0.30792433043035067], "x": [-0.09199128545330987, -0.313566786956923, -0.07847538740171961], "t": 19.559370040893555}
{"q": [0.7407629639584876, 0.15039300908613112, 0.5778148264106665, -0.30786727805146885], "x": [-0.09198634624889407, -0.31360164124615364, -0.07848804435052745], "t": 19.569557905197144}
{"q": [0.7408087888894936, 0.1503995693602017, 0.5777520018469416, -0.3078715886306614], "x": [-0.09198889742499183, -0.3135724555234035, -0.07851944870444534], "t": 19.579424142837524}
{"q": [0.7409712129859687, 0.15037583451235415, 0.5775706609419069, -0.30783264320521914], "x": [-0.09198912983031649, -0.31358710770215187, -0.0785240861264124], "t": 19.58935856819153}
{"q": [0.7409974669052178, 0.15041739705804727, 0.5775360226138477, -0.30781402788393264], "x": [-0.09199742984619552, -0.31358205401809575, -0.07856314230478605], "t": 19.599445581436157}
{"q": [0.7410026294908696, 0.1505785730294511, 0.5774479443125575, -0.30788801466496374], "x": [-0.09206247564928666, -0.3135738219362245, -0.07857020613057886], "t": 19.609498023986816}
{"q": [0.741130160689152, 0.1503358928204409, 0.5773966952558299, -0.30779580959015107], "x": [-0.09206305722317432, -0.3135671189061446, -0.07854965947701152], "t": 19.619227170944214}
{"q": [0.7410302746779184, 0.1504887760730666, 0.577479247194488, -0.3078068446361599], "x": [-0.09205606643003977, -0.3135675874598991, -0.07853626116833698], "t": 19.629513263702393}
{"q": [0.7409265029304791, 0.15036687043649394, 0.5776361657785152, -0.30782171043803846], "x": [-0.09205369508838263, -0.3135735361522599, -0.07855274294168532], "t": 19.639419317245483}
{"q": [0.7409929593552724, 0.1504275828130609, 0.5775420818956759, -0.3078085795996698], "x": [-0.09199429402438497, -0.31356908452106474, -0.07856871571277459], "t": 19.649391651153564}
{"q": [0.74109183955845, 0.15029937009834377, 0.5774098486175238, -0.3078813294847677], "x": [-0.09199619863826064, -0.3135987229587172, -0.07855639193250442], "t": 19.659414052963257}
{"q": [0.7410668999429685, 0.15037696728475422, 0.5774376697959009, -0.30785121961488676], "x": [-0.09197406074655862, -0.3136014521850031, -0.0785825176209788], "t": 19.669437408447266}
{"q": [0.7410662499805174, 0.15038773973307845, 0.5775395788859212, -0.30765624546209136], "x": [-0.09196763059549096, -0.3135907380376626, -0.07860171463419059], "t": 19.679230451583862}
{"q": [0.7411525753733303, 0.15034343448958842, 0.5773310475327932, -0.30786129906116266], "x": [-0.09199099423088153, -0.31361171538968574, -0.07859412678108228], "t": 19.68937921524048}
{"q": [0.7410873376771892, 0.1503145303796652, 0.5774674472275093, -0.3077766123175348], "x": [-0.0920014108555825, -0.31357474937010144, -0.07858833340444393], "t": 19.699717044830322}
{"q": [0.7408089852800784, 0.15046778240738648, 0.5776801918611137, -0.3079725107892437], "x": [-0.09206373484226454, -0.31354955598587597, -0.07854879740456103], "t": 19.709494829177856}
{"q": [0.7407259604481342, 0.15042154515701778, 0.5778910490822701, -0.3077992139185005], "x": [-0.09203575665837305, -0.3135220010124558, -0.07850831443047852], "t": 19.719396591186523}
{"q": [0.7406293123459627, 0.15047112348964534, 0.5780107835510342, -0.3077827636088445], "x": [-0.09204500072436161, -0.313522901981659, -0.078505599831729], "t": 19.729405879974365}
{"q": [0.7405665216602592, 0.15048950532114816, 0.5779129755339575, -0.3081082641532097], "x": [-0.09207178350000078, -0.3135397127421861, -0.07849278680837442], "t": 19.739466667175293}
{"q": [0.7406508670657866, 0.15041745360400502, 0.577888371135096, -0.3079868334220746], "x": [-0.09215124231186689, -0.313542111232993, -0.0785281795742554], "t": 19.749428272247314}
{"q": [0.7409292545938807, 0.15042674296355696, 0.5775618063892716, -0.3079253374552864], "x": [-0.09211821545888005, -0.31355954781772055, -0.07851908395671661], "t": 19.75948667526245}
{"q": [0.7408891820873358, 0.15044596263920662, 0.5775725437574659, -0.30799226961900983], "x": [-0.09214134055414114, -0.31358795752201013, -0.07855530108168232], "t": 19.769471168518066}
{"q": [0.7409981526110159, 0.15057708545080706, 0.5774246229974104, -0.30794341618078125], "x": [-0.09214162272179749, -0.31356364137478504, -0.07857826221579754], "t": 19.7792387008667}
{"q": [0.741070500220884, 0.15063699013391801, 0.577299845090025, -0.30797387605120813], "x": [-0.09219617525005752, -0.313549809478858, -0.078645983151862], "t": 19.790030479431152}
{"q": [0.7411450983054746, 0.1509527086485456, 0.5768647988227953, -0.30845460992439694], "x": [-0.09228699564751269, -0.31354657577993483, -0.07878478709268785], "t": 19.799259185791016}
{"q": [0.7408521410953939, 0.15184043717401927, 0.5770631131390949, -0.3083515830268565], "x": [-0.09264666440063529, -0.31347650841719854, -0.0792489558625434], "t": 19.80938982963562}
{"q": [0.7403288245718258, 0.1514714105121672, 0.577751363018588, -0.30850119143066224], "x": [-0.09286391093617663, -0.3135445928431416, -0.07981979389585164], "t": 19.81945776939392}
{"q": [0.7410722444908525, 0.15138431607003386, 0.5771639757166187, -0.30785794549121476], "x": [-0.09306070096325125, -0.31389934497210653, -0.07972254907559959], "t": 19.829630613327026}
{"q": [0.7255548293812824, 0.14521694890750028, 0.5983964114807357, -0.3072522961233514], "x": [-0.09439162778798071, -0.3152198822643062, -0.08006706346463081], "t": 19.839420080184937}
{"q": [0.7117452811825572, 0.14295682628351897, 0.6146798243206381, -0.3084651287319037], "x": [-0.09450890855657124, -0.3175365240215191, -0.08027583781118315], "t": 19.84943151473999}
{"q": [0.6939836330775206, 0.13681646691620175, 0.636372377926836, -0.30773065775643255], "x": [-0.09652350934776593, -0.321990953672568, -0.08018871063662646], "t": 19.85939383506775}
{"q": [0.6881163560088188, 0.13235164841849084, 0.6468859594293602, -0.3008611994049958], "x": [-0.09687017714066515, -0.3259380014686996, -0.08085945767041089], "t": 19.869444131851196}
{"q": [0.68653195944982, 0.130090096537532, 0.6502823861441278, -0.29813300777801993], "x": [-0.09645217693165603, -0.3302756521573356, -0.08230523094844724], "t": 19.879401922225952}
{"q": [0.6883237915376398, 0.1307769809896704, 0.6476062329759329, -0.2995226548039949], "x": [-0.09577900283745705, -0.33458924626588193, -0.08449842584764924], "t": 19.889421463012695}
{"q": [0.7141608824299747, 0.1381124518090635, 0.611906435450747, -0.3105956313241266], "x": [-0.09352806589054047, -0.342230885388657, -0.09049164989640461], "t": 19.899420738220215}
{"q": [0.7341514341669579, 0.14383084353024694, 0.5841116121193634, -0.3148777164198403], "x": [-0.09251438229941628, -0.3446256847823758, -0.0937717561348447], "t": 19.909467458724976}
{"q": [0.7659090240166275, 0.15299144203331067, 0.5314239329329703, -0.3279719379316381], "x": [-0.09115591878773832, -0.34680779736422973, -0.09686633897200743], "t": 19.91925048828125}
{"q": [0.7811389348546304, 0.15837914373774423, 0.5008343157801093, -0.33749525086668875], "x": [-0.09027734327715137, -0.3474187723953492, -0.09782624314246693], "t": 19.929431200027466}
{"q": [0.7928268466576109, 0.1615622523890341, 0.4764795002145253, -0.343933859350489], "x": [-0.09011253187675539, -0.34718052979203623, -0.09796773259558139], "t": 19.9394474029541}
{"q": [0.8016696568126555, 0.1638391619426605, 0.45867723367751945, -0.34655109342738233], "x": [-0.08957604498912841, -0.34512984372454586, -0.09636289572586491], "t": 19.949420928955078}
{"q": [0.7993479114571682, 0.17002679363461995, 0.45778858087118923, -0.3500905694151134], "x": [-0.08908307072976507, -0.34080747700725195, -0.09304551421160295], "t": 19.95944595336914}
{"q": [0.7939406146834388, 0.1750044189713431, 0.46368224151341364, -0.35217957209148815], "x": [-0.08925689351267413, -0.33716236206637096, -0.0900537076331382], "t": 19.96960997581482}
{"q": [0.7884859743550626, 0.17926669664930164, 0.4723212612430658, -0.3508075678610286], "x": [-0.08941781250526126, -0.3331902345930033, -0.08668688454982006],