{"q": [0.7643499585233221, -0.1705738392267366, 0.6213494911384241, -0.02446357111867678], "x": [-0.5007839331530259, -0.19133360895886706, -0.07023900057873139], "t": 63.55939745903015}
{"q": [0.7646716338595176, -0.17064073424205817, 0.6209639330217356, -0.023723066675632926], "x": [-0.5008136125773097, -0.19130988891321926, -0.07022627771666914], "t": 63.56943988800049}
{"q": [0.7644555728328513, -0.1705412297363877, 0.6212520126212, -0.02385921219563439], "x": [-0.5008415988447981, -0.19128740248841902, -0.07027409395425457], "t": 63.57945990562439}
{"q": [0.7644106341195471, -0.170502701015849, 0.6213050112460312, -0.02419445455411319], "x": [-0.5008439889369684, -0.19130109871121925, -0.07027127281010304], "t": 63.58937048912048}
{"q": [0.7639172406530402, -0.1706482629219671, 0.6218709120852773, -0.024212037487345434], "x": [-0.5007697024057329, -0.19127782922177403, -0.07024828681053225], "t": 63.59935927391052}
{"q": [0.7635935822615979, -0.1707442160983958, 0.6222452021461027, -0.024128497486880035], "x": [-0.5007028016419891, -0.19123129605742153, -0.07025969534057153], "t": 63.60940194129944}
{"q": [0.7630721780163935, -0.17104352222263536, 0.6227902758439604, -0.02443773693317318], "x": [-0.500657591682625, -0.1911881943821279, -0.07027170907708406], "t": 63.61942219734192}
{"q": [0.7628464819985619, -0.17129740045360764, 0.6229908631401903, -0.02459352829668837], "x": [-0.5005471981290619, -0.19118813751812275, -0.07029025572829205], "t": 63.62951898574829}
{"q": [0.7627790585833546, -0.17157953434910625, 0.6229986480175089, -0.024519527328977248], "x": [-0.5005228376940288, -0.1911532497215077, -0.07025922325382573], "t": 63.63923621177673}
{"q": [0.7623096513419613, -0.17191450098197836, 0.6234770663111766, -0.02461153208998519], "x": [-0.5004422739859797, -0.19111412780494952, -0.07020599460317023], "t": 63.649698972702026}
{"q": [0.7619641675019441, -0.17209945316569125, 0.6238272306569196, -0.025138557950431503], "x": [-0.5004350601750815, -0.19112808438893755, -0.07019173924947314], "t": 63.65942168235779}
{"q": [0.7618764290239329, -0.17244323538025008, 0.6238399497282328, -0.025126284469751375], "x": [-0.500388261815769, -0.19112379324056622, -0.07022030836004424], "t": 63.66937804222107}
{"q": [0.7618466122763004, -0.17283108110209724, 0.6237745951270736, -0.024988391148758685], "x": [-0.5003709118178425, -0.19110391866405482, -0.07020576801483142], "t": 63.67941498756409}
{"q": [0.7616656750384267, -0.172698897285722, 0.6240316872002943, -0.024998403419165344], "x": [-0.5003195491873281, -0.19114115824055072, -0.0702284714513985], "t": 63.6897029876709}
{"q": [0.7616981759115491, -0.17249311553376706, 0.6240534830140071, -0.024884932924137418], "x": [-0.5002905255670297, -0.19111632449288435, -0.07020027195730699], "t": 63.69927525520325}
{"q": [0.7618156786153273, -0.17252746919750944, 0.6239003598227191, -0.024889507042163944], "x": [-0.5002952169412974, -0.19119184082582802, -0.07024443967344887], "t": 63.709397077560425}
{"q": [0.7620826286347079, -0.17240238971359814, 0.6236386263615002, -0.02413211537578587], "x": [-0.5003084502725503, -0.19114711689219394, -0.07019597439463199], "t": 63.719419717788696}
{"q": [0.7620200945819993, -0.1723375431609264, 0.6237227684061097, -0.02439456982456467], "x": [-0.5002595888013698, -0.19111608835953867, -0.07017821333618708], "t": 63.72989559173584}
{"q": [0.7617885471483369, -0.1722702459224935, 0.6240077325325242, -0.024810341742935726], "x": [-0.5002093209303664, -0.1911453704581394, -0.07017643307962201], "t": 63.73978304862976}
{"q": [0.761633563213215, -0.1724027596101672, 0.624169263823475, -0.024584219124224968], "x": [-0.5001712778359226, -0.19112315403421398, -0.0702269947745263], "t": 63.74926233291626}
{"q": [0.7611353742011919, -0.1723218493154284, 0.6247910882014238, -0.024782201303988713], "x": [-0.5001499488812634, -0.1911636590042144, -0.07030305621181542], "t": 63.75941705703735}
{"q": [0.7609876956317391, -0.17204120823457017, 0.6250512967458226, -0.024706401300180397], "x": [-0.5001438115194364, -0.19121073312085957, -0.07035863788353883], "t": 63.769360065460205}
{"q": [0.7611612645971944, -0.17152508283325363, 0.6250092290829998, -0.02400275776161631], "x": [-0.5002634345074796, -0.19133014339086868, -0.07043210142173546], "t": 63.77940607070923}
{"q": [0.7611929519145783, -0.1709965065726564, 0.6251360443579702, -0.023460525468960713], "x": [-0.5004122198553209, -0.19143125145804174, -0.07054290258240736], "t": 63.78943991661072}
{"q": [0.7621746621561362, -0.169105486106648, 0.6244649709079974, -0.02316531931879523], "x": [-0.5008085315435717, -0.19184725623064552, -0.07080770634833713], "t": 63.799509048461914}
{"q": [0.7633396355208569, -0.16693799309315382, 0.6236641573569534, -0.02207512944570135], "x": [-0.5013393099507638, -0.19241576029040416, -0.07122215370183704], "t": 63.80943179130554}
{"q": [0.7674756748111963, -0.162902025188509, 0.6198640809354973, -0.014578494471180724], "x": [-0.5018469818127025, -0.19335843820239668, -0.07246784778373726], "t": 63.81942129135132}
{"q": [0.7735177796932675, -0.15670550449281714, 0.6140839658744751, -0.003806918511652692], "x": [-0.5026525096894715, -0.19439061000598298, -0.07337448291133482], "t": 63.82924509048462}
{"q": [0.7780020357332381, -0.1507772773972062, 0.6098991693134472, 0.0014198835729073087], "x": [-0.5039360501381371, -0.19556036058909412, -0.07422741344526657], "t": 63.839564085006714}
{"q": [0.7881265870882195, -0.1431355661048524, 0.5985301825195385, 0.011416600766163285], "x": [-0.5066063019851997, -0.19785861337455296, -0.07584508433358132], "t": 63.8495671749115}
{"q": [0.7969056271918818, -0.14103385780805971, 0.586972123813605, 0.022683757708270885], "x": [-0.5085357673085131, -0.19933893063172398, -0.07713754764918895], "t": 63.85946846008301}
{"q": [0.8080505523452338, -0.14876382634529883, 0.5684698317023248, 0.04201989384230714], "x": [-0.5127933379768715, -0.20159292365491774, -0.0763324136984704], "t": 63.86944508552551}
{"q": [0.7791386723036801, -0.181631326418103, 0.598213935094812, 0.04575043304013671], "x": [-0.5170080849068149, -0.20157011989067805, -0.07905035188198965], "t": 63.87946009635925}
{"q": [0.7453459155828651, -0.2317283664243719, 0.6248117865936499, 0.01927879434169616], "x": [-0.5249131336547275, -0.20211502499672315, -0.08317545825806924], "t": 63.88925528526306}
{"q": [0.7288029289486851, -0.26163245259205326, 0.6327675521821038, -0.00011558897744813612], "x": [-0.5312828999990143, -0.2034095586092707, -0.08650407913078162], "t": 63.899481773376465}
{"q": [0.7294695302219928, -0.3039186549006217, 0.6116044218598147, -0.03804817799846748], "x": [-0.5411644983387065, -0.20693869795077166, -0.08850292713677323], "t": 63.90956902503967}
{"q": [0.7374207305400623, -0.3087361446462198, 0.5996542301917966, -0.036159202246809685], "x": [-0.5475336760263662, -0.2081822274190144, -0.0877917989874151], "t": 63.919498443603516}
{"q": [0.7426709788010489, -0.3132209378703068, 0.5916661090682952, -0.016238902875250455], "x": [-0.553879271078392, -0.20699230586760073, -0.08670128631714945], "t": 63.929261207580566}
{"q": [0.74539008308097, -0.3074201009866253, 0.5913152532118293, -0.015257186858154415], "x": [-0.5572291974445754, -0.2061147205735438, -0.08625121958388518], "t": 63.93975257873535}
{"q": [0.75107852841379, -0.2979090354823728, 0.5890530840069375, -0.01215025204876459], "x": [-0.5593110927465845, -0.20398291883315828, -0.08450603128012382], "t": 63.949456453323364}
{"q": [0.7598699906805488, -0.2773992463818485, 0.5879143162010388, -0.0020096306304550476], "x": [-0.5599121906134918, -0.19982009828811248, -0.08050742711881002], "t": 63.95942044258118}
{"q": [0.7698245641190232, -0.25128980975927845, 0.5866963431925372, 0.003300672154734119], "x": [-0.557286048878951, -0.19451155131394224, -0.07476978480610699], "t": 63.96925234794617}
{"q": [0.7777324030261838, -0.2314335964555257, 0.5844402586696473, 0.0005981246094603487],