{"q": [0.8061597851298273, -0.13215578699138705, 0.5764040330399515, 0.01998952660128841], "x": [-0.3853001498409492, -0.40476373921464437, -0.07507256544661114], "t": 59.5594322681427}
{"q": [0.8061910537458777, -0.13222760834085642, 0.5763594251702092, 0.019537082723718548], "x": [-0.38527262425643516, -0.40474976871031104, -0.07505456592802434], "t": 59.570489168167114}
{"q": [0.8062851225002042, -0.1322075384938963, 0.576224156392244, 0.01977830823322734], "x": [-0.3852809998711766, -0.4047361429371277, -0.07498798747410634], "t": 59.57924175262451}
{"q": [0.806217864115348, -0.132226778407823, 0.5763227552506756, 0.019514979789971437], "x": [-0.38522134482981685, -0.40478704061214615, -0.07498900786202763], "t": 59.58937335014343}
{"q": [0.8064786588044484, -0.1317241006145184, 0.576069838451586, 0.01960922539277008], "x": [-0.3852129018832666, -0.4047830478702533, -0.07497479779068239], "t": 59.5993869304657}
{"q": [0.8065081582844781, -0.13181226482831887, 0.5760017657565747, 0.01980132939260891], "x": [-0.38526098948506937, -0.4047955228021405, -0.07492911988095576], "t": 59.60951018333435}
{"q": [0.8065069161963916, -0.13172570510166215, 0.5760124580292505, 0.020114519354991603], "x": [-0.3852917256190779, -0.40476189440482324, -0.07494644801148256], "t": 59.6194281578064}
{"q": [0.8067767798352572, -0.13132235101150774, 0.5757417396656297, 0.01967335701508155], "x": [-0.3852705188648431, -0.4048009912544204, -0.07489595949674799], "t": 59.62945055961609}
{"q": [0.8066607813468187, -0.13140556870232775, 0.5758827774371358, 0.019747245094680337], "x": [-0.3852269123407087, -0.4048018486779661, -0.07494640191646545], "t": 59.63943791389465}
{"q": [0.8066292274594263, -0.13138440736631773, 0.5759258385880622, 0.019921020958441102], "x": [-0.3852861029581214, -0.4047839370911699, -0.07487656326355098], "t": 59.64941620826721}
{"q": [0.8065331146961356, -0.13150044595334043, 0.5760439345787252, 0.019630166798019627], "x": [-0.38529387125850023, -0.4047464049583248, -0.07486925924963311], "t": 59.659406661987305}
{"q": [0.806518938272826, -0.13161273240219257, 0.5760411391949016, 0.019542195626783915], "x": [-0.3853090269025643, -0.4046978927371593, -0.07488972928986862], "t": 59.66951036453247}
{"q": [0.8064880300190296, -0.1316042067445194, 0.5760811446544145, 0.019696554316322105], "x": [-0.3853388249085291, -0.4046785085828355, -0.0748837087690261], "t": 59.67955040931702}
{"q": [0.8064907956891036, -0.1318621010352955, 0.5760260820848303, 0.01946647573464104], "x": [-0.3853178310415768, -0.4046918904276957, -0.07491968736423162], "t": 59.68924689292908}
{"q": [0.8067941713472153, -0.13178263614629063, 0.575620781023629, 0.019422084564940524], "x": [-0.3854351170336232, -0.4047310060267299, -0.07494417126097855], "t": 59.70003151893616}
{"q": [0.8067899892128025, -0.13201913801362153, 0.5755643404187564, 0.01966021548596396], "x": [-0.3854391080267756, -0.4047257265102504, -0.07488000958599707], "t": 59.70941734313965}
{"q": [0.8067290907811933, -0.13200564146438437, 0.5756604368148002, 0.01943593141540377], "x": [-0.38539545966915445, -0.40471162353616325, -0.07491863695413084], "t": 59.71938180923462}
{"q": [0.806933578630191, -0.13196397825184392, 0.5753843385263306, 0.01940497280803962], "x": [-0.38543061833111236, -0.40477183689400387, -0.07489492972114355], "t": 59.729448318481445}
{"q": [0.8067781204284433, -0.1317607823297465, 0.5756394908797382, 0.019682369341128526], "x": [-0.3853682840695336, -0.40475293057497214, -0.07490511097700032], "t": 59.73958873748779}
{"q": [0.8066492764171351, -0.1319229803212834, 0.5757838162931852, 0.01965385793631228], "x": [-0.385351462808746, -0.4047317434937947, -0.07493640620345854], "t": 59.749491453170776}
{"q": [0.8065198450605966, -0.13207512730092386, 0.5759322138518993, 0.019593119141433205], "x": [-0.38526563203020014, -0.404759745506129, -0.07495265293674613], "t": 59.75927138328552}
{"q": [0.8063711117695852, -0.13214401646682394, 0.5761266327820473, 0.019538568080535168], "x": [-0.3852712985505852, -0.4047582972966411, -0.07495561957520121], "t": 59.769455432891846}
{"q": [0.806531263995287, -0.13200909882934964, 0.5759321377170233, 0.019571950244566788], "x": [-0.38532851893089926, -0.4048197662651421, -0.07493021681893744], "t": 59.779828786849976}
{"q": [0.8065859514357248, -0.13203239158196373, 0.5758458385908142, 0.01970084435757393], "x": [-0.38533659650311214, -0.4048669866234915, -0.07495473039339648], "t": 59.78925585746765}
{"q": [0.807207658411642, -0.1315771787603658, 0.5750321957017905, 0.021005089630822607], "x": [-0.3854640208092348, -0.404971449730361, -0.07510598199631414], "t": 59.799431562423706}
{"q": [0.8079531952288117, -0.1306188531520603, 0.5741572761519907, 0.022221806408715135], "x": [-0.38554880321946516, -0.4051224830321464, -0.07524655872506524], "t": 59.809447050094604}
{"q": [0.8107302455971244, -0.12747867685548792, 0.5708093041231639, 0.025343821898642767], "x": [-0.3861084159858772, -0.4056217114250782, -0.07559799989391383], "t": 59.819411277770996}
{"q": [0.8164111870833474, -0.12173718175656359, 0.5636406892802426, 0.031016508649241624], "x": [-0.3873668072325378, -0.4065214639906004, -0.07650809037024676], "t": 59.82939648628235}
{"q": [0.8225759721018909, -0.11591151957171902, 0.5555545872061355, 0.035949931236912064], "x": [-0.3888695735435095, -0.407539303024512, -0.07755340102840469], "t": 59.83950114250183}
{"q": [0.8330187412774993, -0.10567180205040425, 0.5410897339535794, 0.0462077113348456], "x": [-0.39167429254646147, -0.4095892583289979, -0.07946213948539302], "t": 59.849884033203125}
{"q": [0.8383664706994047, -0.09863613412050927, 0.5326772053133152, 0.06056045298430124], "x": [-0.39390347263602976, -0.41019878667111176, -0.08060106719246035], "t": 59.85925364494324}
{"q": [0.8387431440223587, -0.09728424601995868, 0.5306209309853062, 0.07407531638251885], "x": [-0.396518345752355, -0.41186328444482917, -0.08146844885871732], "t": 59.86937975883484}
{"q": [0.8211285379747782, -0.12340637687093775, 0.5512103544691171, 0.0817675605419881], "x": [-0.4008509955957962, -0.4148713816208025, -0.08128078596563881], "t": 59.87989783287048}
{"q": [0.808575838103418, -0.13916187602867786, 0.5658479903020042, 0.08157844477484245], "x": [-0.4020461757772521, -0.4155434529910554, -0.08208696510518862], "t": 59.88939690589905}
{"q": [0.798097351259623, -0.17474085862319233, 0.5720277162811501, 0.07273614807655149], "x": [-0.40623913724803207, -0.4187447816855376, -0.08202787532462782], "t": 59.89945387840271}
{"q": [0.7875115894766462, -0.19714983867641683, 0.5815713519799831, 0.052270701528464344], "x": [-0.41063699661967745, -0.4242981225919899, -0.08594034050898347], "t": 59.90948176383972}
{"q": [0.8055693269002488, -0.19535618935645882, 0.5576779994309196, 0.0434656082876604], "x": [-0.41273999719150045, -0.4286005672395453, -0.08679340653788258], "t": 59.919424533843994}
{"q": [0.8142761670816596, -0.2005684010993421, 0.5433060912362994, 0.039307475363905664], "x": [-0.41497746977367067, -0.4325292249163163, -0.08884173708616609], "t": 59.92925715446472}
{"q": [0.8304324163745356, -0.2035633430915888, 0.5172193607383752, 0.03778915487662367], "x": [-0.41674355941148755, -0.4362289525256632, -0.08991284825953673], "t": 59.93945360183716}
{"q": [0.835063880739337, -0.2032445964974967, 0.5107943885413783, 0.021191843606033586], "x": [-0.41782299786449284, -0.43889796360978645, -0.08934229878568076], "t": 59.9495804309845}
{"q": [0.8307247134588976, -0.20408980980958896, 0.5178302835115475, 0.009779392576165002], "x": [-0.4177759006272165, -0.43956288206807453, -0.08828743818447371], "t": 59.95944690704346}
{"q": [0.8172212913652416, -0.20682878342562305, 0.5379216948563131, -0.003381542768414972], "x": [-0.4155510426894897, -0.4395126412962587, -0.08519516952863072], "t": 59.96938967704773}
{"q": [0.8042702735846224, -0.20769520916547543, 0.5567161639037463, -0.008900292730085108],