{"q": [0.7477602031284875, 0.16491896370017994, 0.5578824474711336, -0.3200368925142729], "x": [-0.07983797499068873, -0.31652866630168214, -0.07917175200884137], "t": 31.512192010879517}
{"q": [0.7479513022236032, 0.16488937638214704, 0.557563326039658, -0.32016160633774066], "x": [-0.07983616715759334, -0.3165496661310637, -0.07918964484033095], "t": 31.522307634353638}
{"q": [0.7479305918418471, 0.16475392486247067, 0.5577192903721959, -0.3200079442320932], "x": [-0.07992536630059677, -0.31657981130587276, -0.0792655068982473], "t": 31.532281398773193}
{"q": [0.7479678602115957, 0.164810754082043, 0.5575802177149206, -0.32013404396133577], "x": [-0.079909626327819, -0.3165958205131986, -0.0792361910698346], "t": 31.542216062545776}
{"q": [0.7478937914726598, 0.16478404128779348, 0.557718565583918, -0.320079918877358], "x": [-0.07998134766127485, -0.3166132535020024, -0.07915210911411989], "t": 31.55223536491394}
{"q": [0.7477530371944272, 0.16474554021658475, 0.557879126845421, -0.3201486107899644], "x": [-0.07997685823795803, -0.31664748002518767, -0.07914203215624856], "t": 31.562046766281128}
{"q": [0.7476327113056076, 0.16469042513076665, 0.5580936626897832, -0.3200840793804568], "x": [-0.07997681953954228, -0.316650343844317, -0.07911306926272381], "t": 31.57225513458252}
{"q": [0.7474344503978221, 0.16473090430464438, 0.5583995265102353, -0.3199928367167679], "x": [-0.07998267259748576, -0.3166813961495318, -0.0790752903491522], "t": 31.58222460746765}
{"q": [0.7473964224588973, 0.16480799944735558, 0.5584037037269411, -0.3200347191556372], "x": [-0.08001960232763422, -0.3165890853003339, -0.07910516605223136], "t": 31.59222674369812}
{"q": [0.7474119067135966, 0.16482452555134308, 0.5583562756418563, -0.3200728033694297], "x": [-0.08002002404880687, -0.316590098660729, -0.07907290822419492], "t": 31.602344036102295}
{"q": [0.7476664354633874, 0.16490867250768002, 0.5580140411455852, -0.3200317586706857], "x": [-0.07999248325844643, -0.31662421407660213, -0.07908312222902625], "t": 31.612276077270508}
{"q": [0.7478103924771882, 0.16477363234527034, 0.5578177582353427, -0.3201072591783831], "x": [-0.07996040911358665, -0.31665891383762373, -0.07907714758670617], "t": 31.622060298919678}
{"q": [0.7478416797024537, 0.16481780656089823, 0.5577746566449809, -0.32008642762142747], "x": [-0.07994056187382181, -0.31663932993401106, -0.07908500030904664], "t": 31.632187128067017}
{"q": [0.7479664855323762, 0.16478189006150326, 0.5575450371210752, -0.32021338601211496], "x": [-0.07994427931946346, -0.3166496520095749, -0.07906543862964144], "t": 31.642321348190308}
{"q": [0.7480671584645404, 0.16473253176923783, 0.5574856841717807, -0.3201068319380789], "x": [-0.07989654903613752, -0.3166027326455744, -0.07912554262486697], "t": 31.653151035308838}
{"q": [0.7480418160675759, 0.16478166306176484, 0.5575343504752294, -0.320056011330995], "x": [-0.0799105045713363, -0.31658356572008556, -0.07913065334385472], "t": 31.662037134170532}
{"q": [0.7479441254694763, 0.16477043606230096, 0.5576755616429291, -0.3200440978261154], "x": [-0.07985916113444241, -0.3166132168625155, -0.07915120367091115], "t": 31.67266345024109}
{"q": [0.747814057072612, 0.16480921921006636, 0.5578228205542572, -0.3200715201823024], "x": [-0.07990605954899033, -0.3166238852264025, -0.07909835078392442], "t": 31.68273663520813}
{"q": [0.74756687526249, 0.16477940031736096, 0.5581775886057928, -0.3200458792550323], "x": [-0.07985542687613989, -0.31666035250429786, -0.07910997994352967], "t": 31.692039012908936}
{"q": [0.7475781592414497, 0.16474058088064436, 0.5581714549123442, -0.3200500937315363], "x": [-0.07982009305088394, -0.31666366886202957, -0.07906590834588609], "t": 31.702261447906494}
{"q": [0.7475031670577913, 0.16474810607115506, 0.558210718814929, -0.32015282281171], "x": [-0.07986189247350356, -0.3166129841346974, -0.07905372521470763], "t": 31.71226167678833}
{"q": [0.747686456619561, 0.16466726919643787, 0.5580412667499325, -0.32006185075153615], "x": [-0.07986286251661256, -0.3165807944849695, -0.0790635298508855], "t": 31.722214460372925}
{"q": [0.747587131887868, 0.16478394408823618, 0.5580826902180082, -0.32016152677843146], "x": [-0.07987002883394662, -0.3165889554304301, -0.07909134669852913], "t": 31.73228120803833}
{"q": [0.7476333796514893, 0.16479258634043764, 0.5580845956643135, -0.3200456790253995], "x": [-0.07988901039116209, -0.316572046006669, -0.07915277238965777], "t": 31.742703437805176}
{"q": [0.7473600785002825, 0.1648515401408509, 0.5584946934696625, -0.3199383850942405], "x": [-0.07987137308965586, -0.31658100820152835, -0.07926687971375194], "t": 31.752232313156128}
{"q": [0.7459449365499424, 0.1646865853959102, 0.5604711225880439, -0.3198697512574503], "x": [-0.08001770124420987, -0.3165811284281706, -0.0796694504973198], "t": 31.762053966522217}
{"q": [0.7456849996649954, 0.16305489194447817, 0.5614412146914375, -0.3196102553979018], "x": [-0.07990843152897442, -0.3165467493648839, -0.07984010158960289], "t": 31.77289581298828}
{"q": [0.7390730219614167, 0.16173359303729343, 0.5700393553423249, -0.32041919311152084], "x": [-0.07995908715468725, -0.31675464177641977, -0.07993966955359673], "t": 31.78206157684326}
{"q": [0.7278716721747461, 0.15918798009991253, 0.5846399861842563, -0.32102665658590684], "x": [-0.07977122680846849, -0.3173714867738888, -0.08027303331600182], "t": 31.7922146320343}
{"q": [0.7115516643677663, 0.1564664835476061, 0.6025064375591129, -0.325881106921778], "x": [-0.08010458368469597, -0.3199882880022039, -0.07990836836338762], "t": 31.802330493927002}
{"q": [0.7033206427046176, 0.15465247800997742, 0.6133629052155127, -0.3243587204516285], "x": [-0.0803824242605562, -0.322630035674186, -0.07993881081681582], "t": 31.81251311302185}
{"q": [0.6974322388338954, 0.15247418254857628, 0.6241269948115192, -0.31749865999666094], "x": [-0.08010824338867717, -0.3270645188933754, -0.08083132986297673], "t": 31.822243690490723}
{"q": [0.6979205539567818, 0.1528999646816791, 0.6243882526390965, -0.3157020811899875], "x": [-0.07933099803038307, -0.3304503055199425, -0.08217274725026313], "t": 31.832206964492798}
{"q": [0.7088550720541167, 0.15739880646188836, 0.6066675644286583, -0.3235808592645912], "x": [-0.07744368899192111, -0.3355380748352755, -0.08543822988282894], "t": 31.842220783233643}
{"q": [0.7221072230699233, 0.16194070380945957, 0.5828274501827527, -0.33563160035566086], "x": [-0.07679962365728166, -0.3388740199183915, -0.08771428759912503], "t": 31.852240800857544}
{"q": [0.7496119694608668, 0.16703526281805733, 0.5388679431154193, -0.34612491064258805], "x": [-0.07578736054769308, -0.3426476837783853, -0.09161231028865925], "t": 31.86226177215576}
{"q": [0.7702802019396896, 0.16902805154555928, 0.5045147111168152, -0.35151501637523225], "x": [-0.07565688050824981, -0.34448174845803137, -0.09400306946410612], "t": 31.87234401702881}
{"q": [0.7882964760302671, 0.17146288028425166, 0.47133700708782167, -0.3564134697093047], "x": [-0.07587411448764447, -0.3458344867912491, -0.0956394000551514], "t": 31.882044076919556}
{"q": [0.8074240533454613, 0.1749168817040652, 0.4323341524299634, -0.3613275362331544], "x": [-0.07651354265597643, -0.34602020105459497, -0.09697591107632154], "t": 31.892302751541138}
{"q": [0.8163990358938524, 0.1765828798602593, 0.4150992724596723, -0.36056032131778926], "x": [-0.0776578839593059, -0.3446749158599116, -0.09580057760512045], "t": 31.902260303497314}
{"q": [0.8159066116028441, 0.17687931433693851, 0.4217253452330668, -0.3537765786459047], "x": [-0.07966063999561024, -0.3420918450644939, -0.09322214140997451], "t": 31.91221523284912}
{"q": [0.8127077879625438, 0.17739599533079228, 0.43395980287743857, -0.3459994618999633], "x": [-0.08069240404919292, -0.3395508506807323, -0.09075768453205299], "t": 31.92225432395935}
{"q": [0.8088421849955622, 0.17984142504791292, 0.44658581804812997, -0.33762761278988607], "x": [-0.08158657235242206, -0.33641919757240124, -0.08791537357668801],