{"q": [0.8037162396974533, 0.0721208687917513, 0.5614408698463578, -0.18336553416297507], "x": [-0.21643999925933077, -0.10351292875815316, -0.07951485184670964], "t": 3.559487819671631}
{"q": [0.8035406114064652, 0.07226475114737, 0.5616505220866056, -0.18343659865230066], "x": [-0.2164216116204325, -0.10349670566625485, -0.07949190967356805], "t": 3.5692591667175293}
{"q": [0.8033680701477142, 0.07222812118300571, 0.5618453561758187, -0.18361011001077066], "x": [-0.21648266459381782, -0.10353965420093975, -0.07951021225631476], "t": 3.5794076919555664}
{"q": [0.8035142262249595, 0.0720405967583725, 0.5616910704881066, -0.1835160504674525], "x": [-0.2164519304576773, -0.10354154220968459, -0.07955215706880973], "t": 3.58943247795105}
{"q": [0.8038457464111509, 0.07241938204705566, 0.5612209429588373, -0.18335340741899767], "x": [-0.21649560526083866, -0.103533212004733, -0.07956708648655196], "t": 3.599454164505005}
{"q": [0.8042410980892726, 0.07256818454406906, 0.560705979423952, -0.18313632279725545], "x": [-0.2165716078061436, -0.10353589200402294, -0.07961561342686994], "t": 3.6094841957092285}
{"q": [0.8044676924474439, 0.07255165316767885, 0.5603729158345683, -0.18316699597252387], "x": [-0.21656408816499018, -0.10361200314130478, -0.07961523669279766], "t": 3.6194045543670654}
{"q": [0.8048001838034283, 0.07270692453948677, 0.5599085998011747, -0.18306483607202928], "x": [-0.2165401428578475, -0.10358205904668091, -0.0795592858011323], "t": 3.629432439804077}
{"q": [0.8046781887125122, 0.07270912394437304, 0.5600698370429236, -0.18310703491400274], "x": [-0.2165326192928514, -0.10356524303500939, -0.07956444144712004], "t": 3.6392438411712646}
{"q": [0.8043243909016919, 0.07246510394511327, 0.5605836466161536, -0.18318594373236063], "x": [-0.21649165787484326, -0.10353452473185351, -0.07961361643162843], "t": 3.649416208267212}
{"q": [0.8041949639707323, 0.07260911820402215, 0.5606797013632484, -0.18340296704243167], "x": [-0.21649939138401186, -0.10355234574918057, -0.07958465179024476], "t": 3.6594603061676025}
{"q": [0.8040516795532714, 0.07254202224453209, 0.5609037055014955, -0.18337285978401005], "x": [-0.2164458360421807, -0.10350414051922419, -0.07956950169712171], "t": 3.669440984725952}
{"q": [0.8039082692256, 0.07247307221770266, 0.5610969064761275, -0.18343765463072104], "x": [-0.2164819235669363, -0.10351101404586596, -0.07958090135422391], "t": 3.6794583797454834}
{"q": [0.8040287518488122, 0.07234049787167426, 0.5609597375260543, -0.18338154319693126], "x": [-0.21656746175404729, -0.10349738766186262, -0.07958911019240085], "t": 3.6892449855804443}
{"q": [0.8044382484068079, 0.07255212904734695, 0.5604128273256119, -0.18317413907932006], "x": [-0.2165542893198681, -0.10346839618041809, -0.07954828831689444], "t": 3.6994259357452393}
{"q": [0.8044726592055377, 0.0727094601968781, 0.560323623913624, -0.1832334475913273], "x": [-0.21660368762761273, -0.10350459813475366, -0.07958744441219438], "t": 3.710007667541504}
{"q": [0.8046134675167934, 0.07252812264648681, 0.560197521141084, -0.18307256638800698], "x": [-0.2165840345123835, -0.10352601178912693, -0.07957004465809482], "t": 3.7192635536193848}
{"q": [0.8046304411360888, 0.07274534321652584, 0.5601466508041616, -0.18306732827832362], "x": [-0.21663667342324855, -0.10356528115738925, -0.07964918856795733], "t": 3.729435443878174}
{"q": [0.8045838264301854, 0.07272561933828602, 0.5601780240455158, -0.18318409246893297], "x": [-0.2166474724538957, -0.1035705716167597, -0.07963156519823547], "t": 3.7394425868988037}
{"q": [0.8043774147511042, 0.07221734866140417, 0.5605393687675087, -0.18318640703141212], "x": [-0.21663144404782864, -0.1035168515601019, -0.07961106113595061], "t": 3.7493908405303955}
{"q": [0.8040451834762632, 0.07232447857181505, 0.5609745446459216, -0.18327046806527647], "x": [-0.21659742082975408, -0.10350193690779055, -0.07959349181358014], "t": 3.7594034671783447}
{"q": [0.8039339977606936, 0.07248691641705049, 0.5610821415012074, -0.18336470648472372], "x": [-0.21650828540510347, -0.10348047993121182, -0.07952422741922235], "t": 3.769413948059082}
{"q": [0.803837497303588, 0.07243311004759177, 0.5612150517373092, -0.18340210071240085], "x": [-0.21655267654329047, -0.10351007657085268, -0.07953588870458035], "t": 3.779472827911377}
{"q": [0.8038640112050971, 0.07227749365395991, 0.5611716136720108, -0.18348046633166967], "x": [-0.21657561846858708, -0.10348973872692371, -0.07953313885282172], "t": 3.789241313934326}
{"q": [0.8043051482764768, 0.07256974557464993, 0.5605569216772833, -0.18331067376526275], "x": [-0.21662262690488077, -0.1034816486025524, -0.0796317107930732], "t": 3.7995657920837402}
{"q": [0.8048307573423398, 0.07221900590466038, 0.5598578920408964, -0.1832783994871281], "x": [-0.21669676240702396, -0.1034590114481774, -0.07967240377651894], "t": 3.8094468116760254}
{"q": [0.8049959172940114, 0.07198465639126485, 0.5597716055100144, -0.18290862967212282], "x": [-0.21676419959837523, -0.10346146973911774, -0.079701333423889], "t": 3.819596290588379}
{"q": [0.8051146617462757, 0.07148220047406939, 0.5596397225569824, -0.18298628095042255], "x": [-0.21658501353544035, -0.1033788586377247, -0.07957000089457948], "t": 3.829232692718506}
{"q": [0.8039676483704875, 0.06938981033772562, 0.5612413741641983, -0.18392710320064573], "x": [-0.2164853718842038, -0.1033541370414234, -0.07964276504436651], "t": 3.839346408843994}
{"q": [0.8038418444645433, 0.06950094352734831, 0.5614637924175184, -0.18375616315883242], "x": [-0.2164366834678606, -0.10338386540278818, -0.07963183265942253], "t": 3.849482774734497}
{"q": [0.8028958824167997, 0.06854830927579143, 0.5631231138238324, -0.18317099809773205], "x": [-0.21630302426221126, -0.10331979683701265, -0.0794974322779352], "t": 3.8594634532928467}
{"q": [0.8023977614673748, 0.0687089674017736, 0.5638686573051566, -0.18300015597339722], "x": [-0.21620845284638524, -0.10332922379570597, -0.07951927075826211], "t": 3.8695530891418457}
{"q": [0.8030009272924309, 0.06654999743663519, 0.5634814565945173, -0.1823439200628449], "x": [-0.21652555865237233, -0.10323339401489706, -0.08014659088677831], "t": 3.879446506500244}
{"q": [0.8061007176254525, 0.06356575206646883, 0.5600105745147195, -0.18041397042374369], "x": [-0.21684918991852553, -0.10305028726976181, -0.08047829313622068], "t": 3.889479398727417}
{"q": [0.807421141798146, 0.060296204067085954, 0.5588311484674015, -0.17928537913770748], "x": [-0.2172328464496458, -0.10297022790896221, -0.08105723470892397], "t": 3.8993980884552}
{"q": [0.8112672000761759, 0.05572552279229858, 0.5549210960967698, -0.17550718367653206], "x": [-0.2185522290177816, -0.10275240784577463, -0.08188793329902853], "t": 3.9092249870300293}
{"q": [0.8144190512026266, 0.05478511597625425, 0.5518318519893723, -0.17088557295005294], "x": [-0.22049175672471, -0.10271509316215546, -0.08173871247571901], "t": 3.9194071292877197}
{"q": [0.8108021985879768, 0.05065722177043159, 0.5624473194776421, -0.15390474821256728], "x": [-0.22278518040763795, -0.10164609353488147, -0.08194011526347612], "t": 3.929415464401245}
{"q": [0.814776026582315, 0.0522149581779182, 0.5583717269205472, -0.1470872200029075], "x": [-0.22441223575918356, -0.10152304906035045, -0.08240679621110442], "t": 3.939476728439331}
{"q": [0.8267697699025655, 0.054738352336487224, 0.5406717550489714, -0.14535988924447638], "x": [-0.22686665179281684, -0.10178516602220436, -0.08469187292932094], "t": 3.949399471282959}
{"q": [0.8439367960206926, 0.06280897837270032, 0.5119926194559161, -0.14727260707478812], "x": [-0.2286290616566511, -0.10236644504495099, -0.08671608443559795], "t": 3.9594311714172363}
{"q": [0.867900944687074, 0.07829333025605521, 0.4663614812799163, -0.1520692989647654], "x": [-0.23174125403415125, -0.10319064625837815, -0.09021061894028565], "t": 3.9693870544433594}
{"q": [0.8795494458194085, 0.0860547155765018, 0.4400397293434745, -0.15922421775043372],