{"q": [0.7837272379922348, 0.10789154525979693, 0.5597656178637526, -0.24656326788067665], "x": [-0.13313933690708424, -0.19620335739790845, -0.07815558113911705], "t": 7.512093782424927}
{"q": [0.7837834734711082, 0.10788014084198579, 0.5597756943775506, -0.2463665885373481], "x": [-0.13312185802764065, -0.19623334120332953, -0.07821131492002194], "t": 7.522183656692505}
{"q": [0.7839143109154946, 0.10804958095346097, 0.5595344623128541, -0.2464241090045134], "x": [-0.1331247134982062, -0.19625485455557837, -0.0782079453934905], "t": 7.532217502593994}
{"q": [0.7840672352336533, 0.10805121349242, 0.5593175647676775, -0.2464293303906879], "x": [-0.13313665064146274, -0.19625663040147687, -0.07823247448513335], "t": 7.542282581329346}
{"q": [0.7840455228618116, 0.10823273695277003, 0.5593530656200317, -0.2463382544511593], "x": [-0.1331424184700829, -0.19622986460158448, -0.07825718037766596], "t": 7.552230358123779}
{"q": [0.7842325688856827, 0.1080110569158586, 0.5591439439695798, -0.24631474732281816], "x": [-0.13323739634739584, -0.1962319972237622, -0.0782603319966005], "t": 7.562270164489746}
{"q": [0.7841569562819901, 0.10803369937569049, 0.5591922299684825, -0.24643576326437489], "x": [-0.13322868644728647, -0.19625283652007253, -0.07825136335528352], "t": 7.572063446044922}
{"q": [0.7840009303929412, 0.10807665042452771, 0.559424244336228, -0.24638687809613302], "x": [-0.13321666723829784, -0.19623296872343815, -0.07822728050496254], "t": 7.582347631454468}
{"q": [0.7838580865389496, 0.10781985086248295, 0.5596842250539452, -0.24636338862220236], "x": [-0.13316095254806354, -0.19621835376364044, -0.07820929590848802], "t": 7.592231750488281}
{"q": [0.7835142534625672, 0.1078044919410343, 0.5601133394368609, -0.2464885654070994], "x": [-0.1331602631139216, -0.1961988333093953, -0.07820132396739113], "t": 7.602197170257568}
{"q": [0.7833833769182645, 0.10773751137930765, 0.5602499274424908, -0.24662347079069857], "x": [-0.13318176864153985, -0.19618499668717918, -0.07820662708049433], "t": 7.612266778945923}
{"q": [0.7834524083643822, 0.10770894635182804, 0.5602553567310383, -0.24640408628833022], "x": [-0.13315343136371227, -0.19620579484313777, -0.07820330253290408], "t": 7.6220383644104}
{"q": [0.7834032282247126, 0.10777499273559095, 0.5602834885957523, -0.24646766672216847], "x": [-0.13318869995734317, -0.1962103464929731, -0.07824202280916055], "t": 7.632132053375244}
{"q": [0.7834423828093942, 0.10763836694930633, 0.5602212346119342, -0.24654463492463122], "x": [-0.1331899359071842, -0.19623686798181783, -0.07823328793576007], "t": 7.642435312271118}
{"q": [0.7837602143102682, 0.10773389266548616, 0.5598133047856063, -0.24641909175037996], "x": [-0.13323068137022864, -0.19625384423697087, -0.07826037810265943], "t": 7.6520586013793945}
{"q": [0.7838863064734723, 0.10791181782681131, 0.5596581149587164, -0.24629274016831149], "x": [-0.13325488973614585, -0.1962594533541084, -0.07827106045545466], "t": 7.662248134613037}
{"q": [0.7838251100217156, 0.10817928875695952, 0.5596747909987245, -0.24633224748094945], "x": [-0.1333050721166541, -0.1962595630768867, -0.07825279353092152], "t": 7.672211170196533}
{"q": [0.7839152666803337, 0.10797406391152588, 0.5595999599166751, -0.24630530267799342], "x": [-0.13331983141671755, -0.19622752383108125, -0.07822265672191595], "t": 7.682215929031372}
{"q": [0.7839739671633202, 0.10800635203487763, 0.5594572365275875, -0.2464284933815833], "x": [-0.13337057478354303, -0.1961936073462584, -0.07817747447619643], "t": 7.6922712326049805}
{"q": [0.7838796896730833, 0.10796266976564353, 0.5596009202486688, -0.24642136399160192], "x": [-0.13331068231291499, -0.19617287788911955, -0.07815908719717798], "t": 7.702274799346924}
{"q": [0.7837679626197922, 0.10789152396012208, 0.5597306300589359, -0.24651332762313655], "x": [-0.13329308948305651, -0.19623022500577006, -0.07808228575922924], "t": 7.712033987045288}
{"q": [0.7835971904519471, 0.10801031746066642, 0.5599090461031452, -0.24659903725396756], "x": [-0.13327275776281627, -0.19625591578241525, -0.07808539929752092], "t": 7.722170352935791}
{"q": [0.7836437475480998, 0.10786613335781113, 0.5599377732825066, -0.24644893083943797], "x": [-0.13320538260072495, -0.1962517793104093, -0.07806075230277093], "t": 7.732154607772827}
{"q": [0.7836199481831988, 0.10805076427376427, 0.5599628295193778, -0.24638674244765568], "x": [-0.13320675716660518, -0.1962809372523889, -0.07810686607099651], "t": 7.742234945297241}
{"q": [0.7837173859501237, 0.10788597305659274, 0.5598181891442937, -0.2464777497418224], "x": [-0.13328250792090923, -0.19625432868683296, -0.07808889443316203], "t": 7.753371953964233}
{"q": [0.783611331833672, 0.10814317914914474, 0.5599489040246242, -0.24640522277581095], "x": [-0.13333491743541936, -0.19630058292000457, -0.07824341425009032], "t": 7.76212739944458}
{"q": [0.7840069635582795, 0.10842112018474476, 0.5592220934035498, -0.2466750637659424], "x": [-0.13341816963063524, -0.1963225389960172, -0.078286075775449], "t": 7.77225923538208}
{"q": [0.784570565897441, 0.10860928129726688, 0.5584975144539462, -0.24644184733484242], "x": [-0.13354418327710993, -0.19630193917773298, -0.07845146766979734], "t": 7.782213449478149}
{"q": [0.7844485751896992, 0.10867478939909847, 0.5584746465796282, -0.2468528374842063], "x": [-0.1337900250273349, -0.19630758931788436, -0.07880499786049498], "t": 7.792198657989502}
{"q": [0.7853039895509043, 0.10816685658799599, 0.5574433952939732, -0.24668689661479787], "x": [-0.13386072874695315, -0.1962961430890471, -0.07895123706386971], "t": 7.802300691604614}
{"q": [0.7859048266445696, 0.10718501037926637, 0.5568908488239807, -0.24644979750160612], "x": [-0.13408356562796886, -0.19633959455520647, -0.07913474535630097], "t": 7.812240123748779}
{"q": [0.786763995749249, 0.1063912679596964, 0.5560088198581598, -0.24604366694995422], "x": [-0.13408495812264887, -0.19641370779750453, -0.07911165131924672], "t": 7.822023153305054}
{"q": [0.7866605173082323, 0.10740840954994103, 0.5557790069093718, -0.24645153261400826], "x": [-0.1344110114749445, -0.19690161977203235, -0.0790744278139002], "t": 7.832209348678589}
{"q": [0.7864565342272403, 0.10725193607434423, 0.5553723561610341, -0.24808208413408261], "x": [-0.13516854784111915, -0.1991910431438695, -0.07929535308642745], "t": 7.842195272445679}
{"q": [0.7890623751419072, 0.10385389977545383, 0.5559209307559657, -0.23988933878351715], "x": [-0.13608805522274786, -0.20220258115550324, -0.07958956765200553], "t": 7.852268695831299}
{"q": [0.7923710612942917, 0.10265933026155005, 0.5542530386719067, -0.23326544344816225], "x": [-0.13653687414366872, -0.2039972875489706, -0.07997181703108959], "t": 7.8621721267700195}
{"q": [0.7961396785474882, 0.1037690504805501, 0.5500843826346423, -0.22978410801260646], "x": [-0.13689819726190344, -0.20602831756720466, -0.08092371901375918], "t": 7.8720245361328125}
{"q": [0.8032378788666074, 0.11004424871073902, 0.5365741330503245, -0.23406698756795413], "x": [-0.13729529080503244, -0.20900271662106226, -0.08215943933522943], "t": 7.882243394851685}
{"q": [0.8085507235578966, 0.11651039716497041, 0.5246034883693925, -0.23971275859608454], "x": [-0.13784222965318416, -0.21077572371873748, -0.08289206541694782], "t": 7.892222881317139}
{"q": [0.8197917075906751, 0.12335089820501337, 0.5026433872396352, -0.24510346574120362], "x": [-0.13789361954680057, -0.21265196202048453, -0.0838147228783184], "t": 7.902261734008789}
{"q": [0.8282403717280467, 0.1274511899983436, 0.4853206178971026, -0.24947524468317267], "x": [-0.1380139245210471, -0.21318204755577883, -0.08421149962074753], "t": 7.912330389022827}
{"q": [0.8293563290029996, 0.12902709662887177, 0.4817375110550087, -0.2518911047763605], "x": [-0.13811399653974954, -0.21295895591786815, -0.08441804348189372], "t": 7.922040224075317}
{"q": [0.8271206336449648, 0.12896532250816378, 0.48394468296804893, -0.255023544183695],