{"q": [0.7938742601041371, 0.03557555727453848, 0.5813709196710678, -0.1746593598204973], "x": [-0.1842093648526365, -0.15947405466287295, -0.07703438727339773], "t": 11.51207184791565}
{"q": [0.7938776532749794, 0.03561298578671617, 0.5815657325714072, -0.17398647925855837], "x": [-0.1842659541679843, -0.15937715700656266, -0.07705325476613392], "t": 11.522245645523071}
{"q": [0.7940649043210629, 0.035792570815534386, 0.5812130345243469, -0.17427361682107506], "x": [-0.18423870801212827, -0.15946174212352618, -0.07707056590431291], "t": 11.532665014266968}
{"q": [0.7940824257232945, 0.03560088943071138, 0.5810804123882963, -0.17467460544044155], "x": [-0.18421794314022788, -0.15946812470657856, -0.07702092687734957], "t": 11.542264223098755}
{"q": [0.7937557558800754, 0.035479669449591675, 0.581745401336437, -0.17396926961610892], "x": [-0.1842535245390129, -0.15933907157679517, -0.07706970764482031], "t": 11.5520498752594}
{"q": [0.7937157286198612, 0.035439866801458525, 0.5816770035918692, -0.17438815718675582], "x": [-0.18414848862148414, -0.15942588371772748, -0.0770171318915143], "t": 11.562313079833984}
{"q": [0.7934995577238306, 0.03525782067045029, 0.5818599186370221, -0.1747981228054221], "x": [-0.18406473648691846, -0.1595157628767737, -0.07702765395614275], "t": 11.57264518737793}
{"q": [0.7932860958513703, 0.035314092530847045, 0.5823494079786621, -0.17412415714002605], "x": [-0.18410781274508414, -0.15942466001358857, -0.0770159171088039], "t": 11.58205533027649}
{"q": [0.7931804448946322, 0.03527527904497733, 0.5823519131964753, -0.17460441429117782], "x": [-0.18409213636240496, -0.15951412557743794, -0.07705573173966698], "t": 11.592205047607422}
{"q": [0.7931317089785812, 0.035416314766698, 0.5823596294101753, -0.1747713288088574], "x": [-0.18428548557200197, -0.15952648983991935, -0.07711023468576746], "t": 11.602190732955933}
{"q": [0.7932914833456972, 0.03531536764073407, 0.5823875438194628, -0.17397194935867577], "x": [-0.1842232939780597, -0.15950264240225412, -0.07713300575408773], "t": 11.612250328063965}
{"q": [0.7934518159030141, 0.035459649244806504, 0.5821473064303807, -0.1740155012013027], "x": [-0.18420530997439377, -0.159466791076938, -0.07714320954732996], "t": 11.62202501296997}
{"q": [0.7935909396659344, 0.03599662366902352, 0.5818006113192138, -0.1744296472121659], "x": [-0.18424186755729066, -0.1595335205431966, -0.07717787420713962], "t": 11.63218355178833}
{"q": [0.7939765290647446, 0.035877563961755315, 0.5812910530989607, -0.17439847668540265], "x": [-0.18423223087922125, -0.1595092426820095, -0.07713633733990746], "t": 11.64238429069519}
{"q": [0.7938086105041313, 0.03593700218412278, 0.5815572340771679, -0.17426300657744892], "x": [-0.18414180598607366, -0.1594826155137013, -0.07719703346222315], "t": 11.652228355407715}
{"q": [0.7937227725318354, 0.036057029093134435, 0.581646340746842, -0.1743318793756006], "x": [-0.18415017976748393, -0.1594905888844862, -0.07719934141561487], "t": 11.662208795547485}
{"q": [0.7935173025970181, 0.03617559155100669, 0.5818836255090266, -0.17445069217272074], "x": [-0.18410083572704738, -0.15954230099649133, -0.07723368901092514], "t": 11.672033786773682}
{"q": [0.7935245798257935, 0.03637489494961202, 0.5820745111029335, -0.17373816086913288], "x": [-0.1841488504925921, -0.1594491544109305, -0.07722034743418081], "t": 11.682208776473999}
{"q": [0.7936783225176421, 0.03603130136938039, 0.5816859316283538, -0.17440738733171357], "x": [-0.18410445097759376, -0.15952223674469065, -0.07722103450518215], "t": 11.692480564117432}
{"q": [0.7937606459314869, 0.035983444535444956, 0.5815985992840408, -0.17433390756591996], "x": [-0.1841158290737206, -0.15946719386820074, -0.07718399244768476], "t": 11.70225739479065}
{"q": [0.7937711977379248, 0.03581571845345474, 0.5815225751205216, -0.17457371511221711], "x": [-0.18410840652620086, -0.15949137594842078, -0.07716908330074992], "t": 11.712257862091064}
{"q": [0.7936638702673783, 0.03548583142525158, 0.5819091743848118, -0.17383931084423798], "x": [-0.1841608468108049, -0.15936980941704837, -0.0771521686021622], "t": 11.722307443618774}
{"q": [0.7937139222448589, 0.03565376944099911, 0.5816658273143859, -0.1743899497217923], "x": [-0.18413837402604794, -0.1594185052240399, -0.07715894658025067], "t": 11.732022523880005}
{"q": [0.7940358844270281, 0.035739130152503004, 0.5812107415830862, -0.17442411944180977], "x": [-0.1842503004395708, -0.15949266658714079, -0.07723390448518894], "t": 11.742371320724487}
{"q": [0.7943424041053341, 0.03611639265605949, 0.5812642578268523, -0.17276448135408967], "x": [-0.18432886528264725, -0.15942694773859295, -0.07741307065805553], "t": 11.75220775604248}
{"q": [0.7944475423561029, 0.0368410349452899, 0.581537089279362, -0.17120295205760702], "x": [-0.1844445658635303, -0.1597244258139492, -0.0777851909824492], "t": 11.762701988220215}
{"q": [0.795243456294612, 0.03795193259799751, 0.5805833644495539, -0.17050067180150905], "x": [-0.18466258380960865, -0.15989574488453365, -0.07813115535182613], "t": 11.772036790847778}
{"q": [0.7974813437540148, 0.0392954373560377, 0.5780943780270942, -0.1681852431173211], "x": [-0.18508463266315256, -0.16000789298282603, -0.07849140510451096], "t": 11.782246112823486}
{"q": [0.8031389445618616, 0.040523415808480734, 0.5716555799311419, -0.16289735802320204], "x": [-0.18568558086101894, -0.16072009260329015, -0.07952203007501714], "t": 11.792221784591675}
{"q": [0.8096944738460733, 0.041283093694802056, 0.5653330465155708, -0.15195095225338398], "x": [-0.18596152277588696, -0.16152402761466078, -0.08062582391153357], "t": 11.802392959594727}
{"q": [0.814411889665487, 0.04123779401796164, 0.560702425705479, -0.1436853987305333], "x": [-0.18623226523514058, -0.16265234547296917, -0.08123736062301722], "t": 11.812239646911621}
{"q": [0.8209430773249621, 0.038604067809144944, 0.5546666251895734, -0.13002736090833245], "x": [-0.18729217582584456, -0.16386607267401443, -0.08181286468728759], "t": 11.822035312652588}
{"q": [0.8250056991796432, 0.03581014481702997, 0.5498306665733971, -0.1255766969289276], "x": [-0.18718575456963948, -0.16442707562782183, -0.08194169023865326], "t": 11.832220077514648}
{"q": [0.8268132169805656, 0.033079216668398956, 0.5483123717033149, -0.12099240254298738], "x": [-0.1894861337173338, -0.16453102663543034, -0.08423175965640096], "t": 11.842251777648926}
{"q": [0.8377744839301177, 0.03254535733279711, 0.531071919450029, -0.12262687156617774], "x": [-0.19020157638047674, -0.16427180496285135, -0.08450474846155025], "t": 11.852388381958008}
{"q": [0.8448493564901738, 0.033435919644888804, 0.5165267242088302, -0.13532096597595386], "x": [-0.1941418310794143, -0.1643563442858782, -0.08562812042124207], "t": 11.862112522125244}
{"q": [0.8491700778809089, 0.030325620627794654, 0.5065144286170582, -0.14640254292534646], "x": [-0.19681720820928938, -0.16499159757262014, -0.08596916583113995], "t": 11.872293949127197}
{"q": [0.8488077748666912, 0.025978338294273623, 0.5031545706545419, -0.16026859893327483], "x": [-0.19999560294342678, -0.16530948281063365, -0.08541224594776138], "t": 11.882190227508545}
{"q": [0.8427836031582432, 0.02064494367912148, 0.5085542062514264, -0.1751063294061011], "x": [-0.20305157626424486, -0.16472084663904327, -0.08487569187529424], "t": 11.892194271087646}
{"q": [0.8279396339496788, 0.014807470782026717, 0.528172113748164, -0.18796517161482487], "x": [-0.2040122524874608, -0.16397175745450726, -0.0837828154308943], "t": 11.902226686477661}
{"q": [0.8138287192722757, 0.011879823185729818, 0.5466133682117005, -0.19686432045202015], "x": [-0.20421113035815486, -0.16356621795105863, -0.08257319520480622], "t": 11.91222882270813}
{"q": [0.7864208841292687, 0.01236855945701859, 0.5800467711831834, -0.21197866262792772], "x": [-0.20330385202758072, -0.16368610804121317, -0.0799196768164201], "t": 11.922290802001953}
{"q": [0.765591095973165, 0.01300553374114392, 0.6047259910793508, -0.21910634628244188],