{"q": [0.8047523274903313, 0.080573430814921, 0.5515701692370012, -0.20408816251986062], "x": [-0.17805037934593337, -0.18411761721094297, -0.07855729802421657], "t": 7.559446811676025}
{"q": [0.8047349965262355, 0.08057699352115369, 0.5515566191358922, -0.20419157682360137], "x": [-0.1780100511359406, -0.18413842232934802, -0.07857411986235611], "t": 7.569508790969849}
{"q": [0.8049964451982803, 0.0805174807142511, 0.5510878312383211, -0.2044501482496713], "x": [-0.17797068434877572, -0.1841893038204871, -0.07855377996862871], "t": 7.57928204536438}
{"q": [0.8051344954356818, 0.08083774479503011, 0.5510223180834113, -0.20395625379711643], "x": [-0.17796953086842449, -0.1841733296372286, -0.07857181400904563], "t": 7.589365720748901}
{"q": [0.8051769637309576, 0.08077119247034432, 0.5509573478353935, -0.20399032386976923], "x": [-0.17798741262688822, -0.18419503199411347, -0.078590989214016], "t": 7.599428176879883}
{"q": [0.8054936193870335, 0.08079319238600673, 0.5503667358706431, -0.20432561711449101], "x": [-0.1780002622689334, -0.18432465889456828, -0.07852809633678806], "t": 7.609480857849121}
{"q": [0.8053407971071653, 0.0809861573358478, 0.5507545151473122, -0.20380612640826207], "x": [-0.1780514708846046, -0.1842164346362536, -0.07857708170232834], "t": 7.619488716125488}
{"q": [0.8053685448047148, 0.08093054866619247, 0.5507372045858661, -0.20376529806446536], "x": [-0.1780775824858012, -0.18423946623195855, -0.07858128923588376], "t": 7.629234313964844}
{"q": [0.8051489423460592, 0.08068661115743463, 0.551072118026066, -0.20382443918692542], "x": [-0.17805756092371694, -0.184276699540423, -0.07852512775557377], "t": 7.639410018920898}
{"q": [0.8049392252589204, 0.08063805169436869, 0.5513639147806108, -0.2038828044771223], "x": [-0.1781514702083069, -0.18421856990000565, -0.07848380098346089], "t": 7.649480819702148}
{"q": [0.8049206984402423, 0.08056421463990693, 0.5513723180372914, -0.20396250015550904], "x": [-0.1781725584101499, -0.18425971708682015, -0.07849393211250852], "t": 7.659412145614624}
{"q": [0.8050202880451138, 0.0805195682110833, 0.5512031302072353, -0.20404430846010074], "x": [-0.1781911494505377, -0.1842089603143658, -0.07850041131469496], "t": 7.669543027877808}
{"q": [0.8051351125778975, 0.08051135867510324, 0.5509103029120863, -0.20438490277813903], "x": [-0.17815633110117612, -0.184259168272229, -0.07846417556487853], "t": 7.679515838623047}
{"q": [0.8052672114515651, 0.08067482753502736, 0.550858091045973, -0.20394048552243743], "x": [-0.17817571724646142, -0.18417556254485395, -0.07850015329443798], "t": 7.689525127410889}
{"q": [0.8053324798077566, 0.08079347546509937, 0.5507187678801934, -0.20401197952781852], "x": [-0.17817073484221946, -0.18420899803521423, -0.07852777742971856], "t": 7.699276924133301}
{"q": [0.8055131689606234, 0.08072338810731701, 0.5504459559024824, -0.2040624920399536], "x": [-0.1781918365406554, -0.18417155851307543, -0.07852278410170152], "t": 7.709411144256592}
{"q": [0.8055448946393485, 0.08092629147452982, 0.5503668436574912, -0.20407037824615049], "x": [-0.178164295184992, -0.18413412635657087, -0.07848187740209502], "t": 7.719449281692505}
{"q": [0.8054632986555835, 0.08091086791199051, 0.5504509836393174, -0.20417148840920762], "x": [-0.17814377592992248, -0.1841528866674714, -0.07849101034448963], "t": 7.729395151138306}
{"q": [0.8053919322432251, 0.08082726296213828, 0.5506026993337869, -0.2040771597897538], "x": [-0.17808775596203086, -0.18417806119205346, -0.07846286464056001], "t": 7.739410400390625}
{"q": [0.8053969538892302, 0.0807708224490075, 0.5504953725212298, -0.20436885120158785], "x": [-0.17803194633053832, -0.18426265144542248, -0.07845393118439495], "t": 7.749449014663696}
{"q": [0.8051689258524322, 0.08083459638848305, 0.5508802419646279, -0.2042052432362877], "x": [-0.17806210393563937, -0.18428041988879645, -0.0784739531487109], "t": 7.760091304779053}
{"q": [0.805015532688188, 0.08069691189799415, 0.5512019981009892, -0.2039958683575829], "x": [-0.17806773319938696, -0.18428475746825618, -0.07848059250111246], "t": 7.7692484855651855}
{"q": [0.8050099128442322, 0.08063986744025581, 0.5510315985947216, -0.2045004286160165], "x": [-0.1780756603796232, -0.18437164112369175, -0.0784808651995543], "t": 7.779418230056763}
{"q": [0.805022731145659, 0.08066201416066072, 0.5511660241694846, -0.2040786030345968], "x": [-0.17807987397001568, -0.18431135278873761, -0.07848950881934952], "t": 7.789459228515625}
{"q": [0.8049005226561161, 0.0805416881759559, 0.5513579276250121, -0.20408968268764496], "x": [-0.17809048460344212, -0.18435376750316998, -0.07852548023970018], "t": 7.799470663070679}
{"q": [0.8051670569586028, 0.08067123360569048, 0.5509008530071744, -0.2042213794097291], "x": [-0.17815910635920085, -0.18431920540265137, -0.07851439166849197], "t": 7.809239149093628}
{"q": [0.8053603399900503, 0.0807192258392597, 0.5507280483487225, -0.20390616069849754], "x": [-0.1782198945154272, -0.18426566878587186, -0.07851649734619177], "t": 7.819394588470459}
{"q": [0.8057002007003446, 0.08055506267687108, 0.5502216423381922, -0.20399567464635468], "x": [-0.1783233053199207, -0.18426063820444372, -0.07851590670911263], "t": 7.829531669616699}
{"q": [0.8060343384557196, 0.079643997208102, 0.5498161920488444, -0.20412646247136318], "x": [-0.17827629304460424, -0.18430333629489207, -0.07842546214019505], "t": 7.839361667633057}
{"q": [0.805204456370371, 0.07843909255421032, 0.5512948912959142, -0.2038799560284647], "x": [-0.17816958373815894, -0.18412454951867482, -0.07840383254631558], "t": 7.8494532108306885}
{"q": [0.804137756395198, 0.07783349878825849, 0.552727185175872, -0.20444331731562143], "x": [-0.17799593449519358, -0.18411354598207508, -0.07840231815099535], "t": 7.859746217727661}
{"q": [0.8038248400750218, 0.07846175724815829, 0.5530463793127642, -0.20457056326404843], "x": [-0.17794306382730452, -0.1841663564942854, -0.07835647214218824], "t": 7.869246482849121}
{"q": [0.8035722105486017, 0.0796490888239749, 0.5532884286600137, -0.20444960982710328], "x": [-0.17791277140840656, -0.18425169938993338, -0.0784297226443034], "t": 7.879361867904663}
{"q": [0.8046526632999406, 0.08024112297922656, 0.551735248861964, -0.20416585123432088], "x": [-0.17819874154551418, -0.1842172237011944, -0.07863976969533407], "t": 7.889501333236694}
{"q": [0.8054114027146895, 0.07975336593444794, 0.5507972860158912, -0.2038977037675347], "x": [-0.17842392462590784, -0.18424875576888047, -0.07887002731108156], "t": 7.899525880813599}
{"q": [0.8089686408025124, 0.08035650392270094, 0.5457638513633115, -0.20311177120615856], "x": [-0.17912637475120485, -0.18428266059465312, -0.0792820823345326], "t": 7.909443616867065}
{"q": [0.8131066890709685, 0.08204986328903395, 0.5398432972352374, -0.2017288884878272], "x": [-0.17996577037362793, -0.18412586628910904, -0.07980930525886279], "t": 7.919654369354248}
{"q": [0.8207410884452795, 0.08356447089032333, 0.5287914085846612, -0.19945093872113642], "x": [-0.181028539821931, -0.18421166421549254, -0.08032518992145551], "t": 7.929246664047241}
{"q": [0.8234082069919849, 0.08257511863439261, 0.5255226440827476, -0.1974999417743972], "x": [-0.1814825479607367, -0.18440422700562495, -0.08075368093933037], "t": 7.939388751983643}
{"q": [0.8240591853510906, 0.08193574848915268, 0.5257386293642209, -0.1944527856141883], "x": [-0.1823393148127721, -0.18514400776046638, -0.08125728832444559], "t": 7.94946813583374}
{"q": [0.8243155703831516, 0.07992256896766556, 0.5270513674287302, -0.19061237559269653], "x": [-0.18327248170623422, -0.18617638659797098, -0.08123575813132992], "t": 7.959474802017212}
{"q": [0.819276396990439, 0.07167833857114883, 0.5403581240505769, -0.17793679086210384], "x": [-0.1851346897428663, -0.18721296222131706, -0.08201386290181933], "t": 7.9694671630859375}
{"q": [0.8191388813841535, 0.06978322321980758, 0.541370632250453, -0.17623770157346003], "x": [-0.18575901833586106, -0.18774257560860813, -0.0822862019161214],