{"q": [0.7758193955630562, -0.022661510905913188, 0.608595646426433, -0.16493049440694973], "x": [-0.3043513034750681, -0.11615487074420267, -0.0716952885532328], "t": 47.63144135475159}
{"q": [0.7761114531899445, -0.022424751994966005, 0.6082621008290664, -0.16481924445722534], "x": [-0.3043489679092056, -0.11615347922214264, -0.0716931239362252], "t": 47.64112424850464}
{"q": [0.7763421257330508, -0.022348622524125186, 0.608079093257243, -0.16441803415020545], "x": [-0.3043562050192907, -0.1161844764432522, -0.07169358175372369], "t": 47.65126824378967}
{"q": [0.7766449188490747, -0.022171450392982267, 0.6077254902286464, -0.16431924194571387], "x": [-0.3043505279467067, -0.11619193811604994, -0.07174081094048008], "t": 47.661378622055054}
{"q": [0.7769168941559164, -0.022060858635335925, 0.6073367056682465, -0.16448579914254963], "x": [-0.3044283204748305, -0.11621630694573953, -0.07171478807700046], "t": 47.6712543964386}
{"q": [0.7770446678483565, -0.022219331374834873, 0.6072361645635187, -0.16423187136856052], "x": [-0.3043771984135629, -0.11617339879783412, -0.07171589191522343], "t": 47.681283712387085}
{"q": [0.7765282816294646, -0.022084321959719516, 0.6078237310896394, -0.16451877516909183], "x": [-0.3044333521569146, -0.11619823497199674, -0.07178112516282584], "t": 47.69130778312683}
{"q": [0.7763962168718901, -0.022067395259264648, 0.6079223835788004, -0.16477962070317878], "x": [-0.30442123023232626, -0.11617550031652465, -0.07178505001633867], "t": 47.70130157470703}
{"q": [0.7763984823083282, -0.022187700407254027, 0.607967602940273, -0.16458579671377985], "x": [-0.3044269324233565, -0.11614985183928025, -0.07182550036404466], "t": 47.71134829521179}
{"q": [0.7764992776583599, -0.02225690531611961, 0.6078521598204629, -0.16452731436419687], "x": [-0.30441725685176024, -0.11614245834220754, -0.07180882194200436], "t": 47.72133445739746}
{"q": [0.776256301458557, -0.022390303244533206, 0.6081767693741726, -0.1644561122824056], "x": [-0.30433646855365415, -0.11612367669544349, -0.07183429644733413], "t": 47.731093883514404}
{"q": [0.7763397788312226, -0.022340169362694506, 0.6080884809710915, -0.1643954008070915], "x": [-0.30433207896038206, -0.11615975403357978, -0.07184699547596841], "t": 47.7411994934082}
{"q": [0.7761941655037093, -0.02253161435207155, 0.6083416016277325, -0.16412028227624847], "x": [-0.3042666896233057, -0.1161495446783749, -0.07185448806288477], "t": 47.75136399269104}
{"q": [0.7761285068396616, -0.022643977629794025, 0.608369287414447, -0.1643123515299919], "x": [-0.30427954361145215, -0.11615005145662632, -0.07183523853123563], "t": 47.76126551628113}
{"q": [0.7761533770749743, -0.022331587311101034, 0.6083384361624662, -0.1643518471131355], "x": [-0.3042788701455279, -0.11618013550566691, -0.07183465283039155], "t": 47.771265745162964}
{"q": [0.7760623457149849, -0.022582538923711183, 0.6084572413755133, -0.16430799635770402], "x": [-0.30429648978109025, -0.11618177443535604, -0.07180147450361846], "t": 47.78127717971802}
{"q": [0.776177551661946, -0.02249635312128781, 0.6082863338756768, -0.16440804427897138], "x": [-0.30430537174048744, -0.11619617948654665, -0.07177377667854455], "t": 47.791364908218384}
{"q": [0.776144997357223, -0.022333035484821788, 0.608305062144886, -0.16451470821011624], "x": [-0.3043637192958957, -0.11614931026174163, -0.07182890551773018], "t": 47.80108165740967}
{"q": [0.7763738245290315, -0.02225442243655324, 0.6080425614695475, -0.1644161269366266], "x": [-0.30440305530386447, -0.11617544078518602, -0.07182938214571995], "t": 47.811192750930786}
{"q": [0.7764534160092581, -0.022132371641829733, 0.608010831854042, -0.16417394464803345], "x": [-0.3044061516724028, -0.11625363921729137, -0.07186005382109564], "t": 47.8212206363678}
{"q": [0.7765937644294539, -0.021808358715682465, 0.6079023161406861, -0.16395508947609524], "x": [-0.3044288877216632, -0.11633862282743826, -0.07183484271494245], "t": 47.83127212524414}
{"q": [0.7765341228927084, -0.021801007728767384, 0.6079788236897526, -0.16395480606904717], "x": [-0.3044270268317224, -0.1163411816602383, -0.07185416459181941], "t": 47.841291666030884}
{"q": [0.7768517192285395, -0.021560668865491357, 0.6076545583290931, -0.16368414232697917], "x": [-0.3044326047324858, -0.116356677080131, -0.07187836364129593], "t": 47.851306438446045}
{"q": [0.7768979773478718, -0.02162142231007593, 0.6076297442967488, -0.16354851679221286], "x": [-0.3044387505803059, -0.1163309956626179, -0.0719645993379516], "t": 47.86127161979675}
{"q": [0.7770868997971726, -0.021935561445110552, 0.6073932157059558, -0.16348782337014336], "x": [-0.3044050078313686, -0.11628997571475558, -0.07190482458356633], "t": 47.87124180793762}
{"q": [0.7765379734898145, -0.022234649977309326, 0.6080833166379026, -0.16349033072313685], "x": [-0.3043094637475773, -0.11635333887575897, -0.07198044110476094], "t": 47.88141894340515}
{"q": [0.7763593904881531, -0.02166940819366918, 0.6085309615000353, -0.16274707405188707], "x": [-0.30424520849598236, -0.11652241654728257, -0.07203704652345304], "t": 47.8910858631134}
{"q": [0.776622076164718, -0.020927943613033385, 0.6086623647339219, -0.1610909754045893], "x": [-0.3041971853491383, -0.11670556087599851, -0.07219914573198705], "t": 47.9012131690979}
{"q": [0.7768806794586222, -0.02084324311788735, 0.6088450123546939, -0.15915312745781557], "x": [-0.30403981572169525, -0.1168217376005111, -0.0723442398542869], "t": 47.911258697509766}
{"q": [0.7768586052931616, -0.020512149401591337, 0.6094820516673662, -0.1568489103900224], "x": [-0.303926961897627, -0.11703284623393645, -0.07266086834490584], "t": 47.92128586769104}
{"q": [0.7775456495904326, -0.018902333739562495, 0.6091348639188434, -0.1549843652952226], "x": [-0.30401709291289314, -0.11731328623258125, -0.07303242188301039], "t": 47.93127131462097}
{"q": [0.7792813656196786, -0.017694020946509015, 0.6073920552478508, -0.15323948035074825], "x": [-0.30413041715943734, -0.11761046914571455, -0.07331514190092002], "t": 47.941277742385864}
{"q": [0.7816125560864929, -0.017081861283430665, 0.6039141881328468, -0.15516979916251067], "x": [-0.3041942767285901, -0.11888272614540707, -0.07371062138591727], "t": 47.95132851600647}
{"q": [0.7896445396284014, -0.018093676820049864, 0.5959113820961308, -0.14499564572810747], "x": [-0.3051802806686862, -0.11969178154192017, -0.0737073115036907], "t": 47.961308002471924}
{"q": [0.793764299176828, -0.019828363583534875, 0.5915894852300766, -0.139881897428786], "x": [-0.3054814650987735, -0.11924252170414071, -0.07470420190234503], "t": 47.97111773490906}
{"q": [0.7968600247487111, -0.017277750257228802, 0.5872162177983848, -0.14104134247391875], "x": [-0.30605528543123606, -0.11876905255507811, -0.0749974260986175], "t": 47.98131966590881}
{"q": [0.7963834196869156, -0.01905821058485945, 0.5846361479052856, -0.15365818520174743], "x": [-0.3075975892476739, -0.11880756134694825, -0.07485565840435897], "t": 47.99127984046936}
{"q": [0.796555260059834, -0.023223122447143953, 0.5863332695587454, -0.1455118138111729], "x": [-0.308036835736044, -0.11858994684992191, -0.07561713810270487], "t": 48.001256227493286}
{"q": [0.7965054582388363, -0.02913090339403749, 0.5872120861051301, -0.14111118046669777], "x": [-0.3083964590917604, -0.11755095911975227, -0.07634561738974567], "t": 48.01125741004944}
{"q": [0.7953033792215581, -0.034875216185050066, 0.5845705105515779, -0.1566956786625974], "x": [-0.3111152565446934, -0.11716789978528189, -0.07623932741145198], "t": 48.02142548561096}
{"q": [0.7908958852254078, -0.04519720150673421, 0.5888481953909284, -0.16030818427788407], "x": [-0.3147861317692676, -0.11546189832483983, -0.0757219659473375], "t": 48.031099796295166}
{"q": [0.7871361788181007, -0.05087253276728588, 0.5905810101894261, -0.17041919286200724], "x": [-0.31768671547390004, -0.11444816124518464, -0.07451607418186477], "t": 48.04124736785889}
{"q": [0.7818996443117396, -0.05401233626353168, 0.5941405362700161, -0.1808665282362989],