{"q": [0.7594095487623875, -0.042073553475116834, 0.6262160039736577, -0.171407387602405], "x": [-0.3067743531356827, -0.12134067469000492, -0.06977356844081783], "t": 35.542888164520264}
{"q": [0.7595837611588162, -0.04188160948981667, 0.6259577654150816, -0.17162556799552703], "x": [-0.3068045592022852, -0.12135382823466537, -0.06976595320038992], "t": 35.55306553840637}
{"q": [0.7594142356511452, -0.04173985770572964, 0.6262185044499657, -0.17145913831927298], "x": [-0.30683690652258877, -0.12134797131677924, -0.06979059073095917], "t": 35.563262939453125}
{"q": [0.7596071710295398, -0.04143711421540871, 0.625950555154747, -0.17165603405680105], "x": [-0.30685115999904566, -0.1213785503824587, -0.06980410787674138], "t": 35.57330083847046}
{"q": [0.75983571752382, -0.041220564805278755, 0.6256519662893201, -0.1717853633508629], "x": [-0.3068690157847266, -0.12145024695613821, -0.06986658307608758], "t": 35.582974910736084}
{"q": [0.760018809845541, -0.041172424216933054, 0.6254956227042103, -0.17155600923309744], "x": [-0.30693853357119527, -0.1214411652608712, -0.06991008313973665], "t": 35.59306240081787}
{"q": [0.7604633303833496, -0.040991258615466444, 0.6249800742919663, -0.171508541062156], "x": [-0.3069743356171799, -0.12142602509750092, -0.06993347145464815], "t": 35.6030547618866}
{"q": [0.7610087798490843, -0.040904853436180805, 0.6243810177542966, -0.1712915114357797], "x": [-0.3070213523671288, -0.12142059341049086, -0.06995108954695595], "t": 35.61319613456726}
{"q": [0.7614003395194895, -0.040686878222058326, 0.6239675161427715, -0.17111006344194943], "x": [-0.3069865193723553, -0.12143474167232374, -0.06997226440425743], "t": 35.623061418533325}
{"q": [0.7614538494466434, -0.04043927811649186, 0.6239344829737018, -0.1710509423747742], "x": [-0.30699269635705095, -0.12139632388790672, -0.06999637216316698], "t": 35.63346815109253}
{"q": [0.7614947856019125, -0.04035970734959462, 0.6239427122783492, -0.17085733206184858], "x": [-0.307037765710229, -0.12146303427965408, -0.07008295773767102], "t": 35.64290928840637}
{"q": [0.7614841502964534, -0.04047281638590131, 0.6238746719230049, -0.17112649724921786], "x": [-0.30706579515124255, -0.12152422362139015, -0.07010453385047559], "t": 35.65307688713074}
{"q": [0.7615349896120958, -0.040131714913203706, 0.6238343983899932, -0.17112704185076055], "x": [-0.30708681776268687, -0.12154096153826233, -0.07011082347858193], "t": 35.66319704055786}
{"q": [0.761439821484046, -0.03987185619846747, 0.623915472059953, -0.17131578403774542], "x": [-0.3070924085079316, -0.12157746099439315, -0.07012000420873292], "t": 35.672914266586304}
{"q": [0.76152906488104, -0.03960061507542896, 0.623823500565875, -0.17131693932336262], "x": [-0.30718487750337387, -0.12158432286023577, -0.0701373545459884], "t": 35.68304634094238}
{"q": [0.7616184617622966, -0.03949056859883155, 0.6237307901099357, -0.1712826557071044], "x": [-0.30724575984539126, -0.1215874970927672, -0.07015998799194709], "t": 35.693079233169556}
{"q": [0.7620891828394597, -0.03936638253607807, 0.6231879635400949, -0.17119329731398228], "x": [-0.3073013125901918, -0.12158744857411385, -0.07015047036928868], "t": 35.703514099121094}
{"q": [0.7623172201492855, -0.03950331627508373, 0.6229977095146193, -0.17083848224635842], "x": [-0.3072534914744589, -0.12157467878104236, -0.07015228097840465], "t": 35.71288466453552}
{"q": [0.762439090900515, -0.039328200557926116, 0.622853160494514, -0.17086220410307967], "x": [-0.30727788543533996, -0.1215612718792915, -0.07013058345290465], "t": 35.723119497299194}
{"q": [0.7625902378531715, -0.03941098644384215, 0.6226873908264512, -0.1707726900371066], "x": [-0.30726048566682806, -0.12149475275597571, -0.07009207082628084], "t": 35.73307132720947}
{"q": [0.762306490012256, -0.039421947748234494, 0.6229864158824443, -0.17094639581972115], "x": [-0.3072691806288279, -0.12147931687109406, -0.07011248388434557], "t": 35.74313569068909}
{"q": [0.7621825876325407, -0.03935247353765287, 0.6230735107263875, -0.17119708584214632], "x": [-0.30727728710718816, -0.12144518503897245, -0.07007821544479907], "t": 35.75311851501465}
{"q": [0.7618564647620123, -0.03924362224578342, 0.6234221165305001, -0.17140448784882992], "x": [-0.3072783780627061, -0.12144599541498913, -0.07007282426888509], "t": 35.76313519477844}
{"q": [0.7618638077001386, -0.03917807399133822, 0.6234381048868263, -0.17132876508559702], "x": [-0.30723498736074395, -0.12149114325677776, -0.07013190224877452], "t": 35.773768186569214}
{"q": [0.7621479114546768, -0.039342327873470646, 0.6230847624702825, -0.17131294424809132], "x": [-0.30719113408256615, -0.12150573306179333, -0.07009899664293641], "t": 35.78288984298706}
{"q": [0.7620719800268569, -0.039192861229433676, 0.6232229971830348, -0.17118214389883712], "x": [-0.30717310147450194, -0.12148939874029954, -0.07015276211826556], "t": 35.7930052280426}
{"q": [0.7622069497678262, -0.03893522696556288, 0.6230544696565954, -0.17125345001156222], "x": [-0.30719525924835944, -0.12159743980732857, -0.07023324548025732], "t": 35.8031964302063}
{"q": [0.7624698440427922, -0.03843123009018943, 0.6228660809527422, -0.17088191808523467], "x": [-0.3072001302331101, -0.12167132003436026, -0.07031929915214898], "t": 35.81293988227844}
{"q": [0.7631108936277079, -0.03784793269997106, 0.6224556264979216, -0.16964159566741466], "x": [-0.30720556717629177, -0.1218413056177963, -0.07048062585294512], "t": 35.82308888435364}
{"q": [0.7639640344608211, -0.037323127634664055, 0.6217205041362924, -0.16861062961902087], "x": [-0.30718298422271617, -0.1219787896609843, -0.07061988847689044], "t": 35.833070039749146}
{"q": [0.7656240245042211, -0.035564711510450646, 0.6205158842579288, -0.16587649015471914], "x": [-0.3074476912562465, -0.1223677684170591, -0.07104880491919033], "t": 35.84314155578613}
{"q": [0.7679792482866823, -0.033435493011533216, 0.6183541238367911, -0.16348743782071362], "x": [-0.30780802650846506, -0.12285560305326279, -0.07146630624491856], "t": 35.853084325790405}
{"q": [0.7748110752269745, -0.030747801702265327, 0.611782851911218, -0.15634606888221583], "x": [-0.30862635620209844, -0.1237623151650448, -0.0722730036538765], "t": 35.86308312416077}
{"q": [0.7800927221139675, -0.030436996353498495, 0.6061808170418356, -0.15190033445529852], "x": [-0.3088758623729452, -0.12486429452690159, -0.07303060011152485], "t": 35.873087882995605}
{"q": [0.7909673137908048, -0.03468530758581452, 0.5942762318263409, -0.1414330584619332], "x": [-0.3103565183692939, -0.12574609088339567, -0.0730065646433098], "t": 35.88289761543274}
{"q": [0.7976493359644709, -0.03772736758949269, 0.5877301923503572, -0.13002082673328808], "x": [-0.31103608538070715, -0.12545047871594858, -0.07369701974205457], "t": 35.89303207397461}
{"q": [0.8043704869323705, -0.03706224283635915, 0.5786631087857464, -0.12947420412179428], "x": [-0.3122186561753685, -0.12467138176416992, -0.07506685857445858], "t": 35.903117418289185}
{"q": [0.8048616384380846, -0.03821058519242459, 0.5759985254884841, -0.13770760463545045], "x": [-0.31331479159776543, -0.12384663273411398, -0.0758364911872523], "t": 35.913334608078}
{"q": [0.810429207362544, -0.047599085420912596, 0.568003104910318, -0.13531943489259451], "x": [-0.3162075162791973, -0.122483013359858, -0.0775153432026038], "t": 35.92308759689331}
{"q": [0.8085767006687433, -0.05331507916843695, 0.5707622140935268, -0.13263362610067403], "x": [-0.3177167106511334, -0.12126086054253093, -0.07793333970008215], "t": 35.933066844940186}
{"q": [0.7943094403684563, -0.08055589234342994, 0.5844808064372445, -0.14479448939801184], "x": [-0.32600685146046904, -0.11682737499897392, -0.07820649679578157], "t": 35.943063735961914}
{"q": [0.7856788631462038, -0.0892225816032528, 0.5891816173265235, -0.16617192425546548], "x": [-0.3312562394025561, -0.11620675565156138, -0.0769519044755945], "t": 35.95364022254944}
{"q": [0.7696957769152457, -0.10923006452472986, 0.6024230268886043, -0.1808969883661839],