{"q": [0.7279291534253832, 0.12097600552838916, 0.6124922751124364, -0.2834381322886813], "x": [-0.20465268256000446, -0.1701148562459491, -0.0742717997438332], "t": 59.55311632156372}
{"q": [0.7279040418402303, 0.12080136207647171, 0.6126311816650847, -0.28327684543419807], "x": [-0.20462986510850034, -0.17011817438062746, -0.07428976584587094], "t": 59.563098669052124}
{"q": [0.7278800174569, 0.1208559398653665, 0.612627788665171, -0.28332271435367584], "x": [-0.20464951291067335, -0.1701453405436503, -0.07428358102965515], "t": 59.573158740997314}
{"q": [0.7279608620935697, 0.12084804759024159, 0.6125293926357318, -0.2833310429940931], "x": [-0.20463711812287588, -0.17015845394361226, -0.07427661632919193], "t": 59.58290696144104}
{"q": [0.7279351646268308, 0.1207726471285335, 0.6125766526489024, -0.2833270415886502], "x": [-0.20463308518017587, -0.1702238855387523, -0.07427369653011104], "t": 59.59306359291077}
{"q": [0.7279125705432518, 0.12092643637538791, 0.6125700360108225, -0.28333374987958937], "x": [-0.20462921234641962, -0.17020393359043465, -0.07429674094957957], "t": 59.603015184402466}
{"q": [0.7278084192004715, 0.1208264663079768, 0.612743334253123, -0.2832692907267125], "x": [-0.20465385114304324, -0.17016978108653263, -0.07431099085267537], "t": 59.61312127113342}
{"q": [0.7279234978670214, 0.12083798179716743, 0.6126515291578698, -0.2831672519798048], "x": [-0.2046709639039428, -0.1701503476447893, -0.07430147331388913], "t": 59.623748779296875}
{"q": [0.7278303441280238, 0.1208951467617351, 0.6127000085556401, -0.28327730002388246], "x": [-0.20463224939119828, -0.1700930620777301, -0.07432924023784551], "t": 59.632951736450195}
{"q": [0.7276941406425169, 0.12090641821015398, 0.6128152369743021, -0.2833731491722222], "x": [-0.20463269355893243, -0.1701009793950723, -0.07432979660725486], "t": 59.64312028884888}
{"q": [0.7276710143106798, 0.12083729391100441, 0.6129249122309359, -0.28322483333135484], "x": [-0.20466297590302063, -0.17002425659740267, -0.07432662568778291], "t": 59.65285873413086}
{"q": [0.7277222696486607, 0.12091887661841871, 0.6127026108484623, -0.28353918160405006], "x": [-0.20468631810706528, -0.17007822752604912, -0.07430155373892151], "t": 59.66334509849548}
{"q": [0.7277320923088803, 0.12085659186572605, 0.61277074231347, -0.2833931273915866], "x": [-0.20469901780580968, -0.17009702129639023, -0.07430129445963153], "t": 59.67291045188904}
{"q": [0.7278249598023958, 0.12077907541772662, 0.6127128930222225, -0.2833128636043649], "x": [-0.2046963895744156, -0.1700505740279152, -0.07426261386270486], "t": 59.68313932418823}
{"q": [0.728068426410933, 0.12084137375999005, 0.6123069602557524, -0.28353818665660757], "x": [-0.20473847914788845, -0.17010891693051328, -0.07425593347404305], "t": 59.69317150115967}
{"q": [0.7282425377914555, 0.12076845167962173, 0.6121270287522654, -0.2835105261964234], "x": [-0.20474162534365337, -0.1701351971861663, -0.07423727736665713], "t": 59.70307993888855}
{"q": [0.728130358681941, 0.12085397150083736, 0.6122902787416961, -0.28340989943093], "x": [-0.2047279861332889, -0.17013516482275504, -0.07426759105897411], "t": 59.71311283111572}
{"q": [0.7279621115493377, 0.12081078687332437, 0.6125696454651338, -0.2832565604429617], "x": [-0.20470412478368427, -0.17013959697419298, -0.07427638924855194], "t": 59.72316932678223}
{"q": [0.7279302405489512, 0.12083890362867047, 0.6125218791685023, -0.28342978796935375], "x": [-0.20465816779245283, -0.1702270236946587, -0.0742649933332156], "t": 59.73288941383362}
{"q": [0.7277042379077774, 0.12083951424377887, 0.6128225804514436, -0.28335997261182727], "x": [-0.204641430166139, -0.17022342198661863, -0.07424975814518579], "t": 59.74305582046509}
{"q": [0.7275209708000528, 0.12082599453148352, 0.6131022118137359, -0.2832313485642594], "x": [-0.2046813321353449, -0.170158674266628, -0.07428144498277116], "t": 59.7530722618103}
{"q": [0.7274840420003524, 0.1207776993381087, 0.6130365486952093, -0.2834887792443321], "x": [-0.20468929883311193, -0.17020448840895358, -0.07423373323432478], "t": 59.76318168640137}
{"q": [0.7274436980070169, 0.12059059453514696, 0.6132006135818423, -0.28331715408031755], "x": [-0.20464847276865283, -0.1702149242964486, -0.07424848129702508], "t": 59.77314567565918}
{"q": [0.7270273861012998, 0.12064683994422642, 0.6136485625466266, -0.28339199938097104], "x": [-0.20472293512636552, -0.17021220232895204, -0.07437074961309413], "t": 59.782949924468994}
{"q": [0.7280465605840798, 0.11924619049810903, 0.6127449098671305, -0.2833235009224173], "x": [-0.20478485256978218, -0.17017214655875612, -0.07457470619954339], "t": 59.79311919212341}
{"q": [0.7286083793060384, 0.11768753469050369, 0.6123869502456674, -0.28330490973110845], "x": [-0.2048842927544836, -0.17007639884189532, -0.07480268671463138], "t": 59.803075313568115}
{"q": [0.7325051052538281, 0.1155826946012008, 0.6080298718652519, -0.28350764084107305], "x": [-0.2055980744906346, -0.16972628599088052, -0.07556579572163377], "t": 59.813040256500244}
{"q": [0.7353917999744655, 0.11533446344755778, 0.6043492451847732, -0.2840050703911863], "x": [-0.20620301379802553, -0.1696303452340151, -0.07645699284722966], "t": 59.82313084602356}
{"q": [0.7388397720458502, 0.11572959884552403, 0.5983964916029649, -0.2874789123349835], "x": [-0.2073289314686746, -0.17027895767451107, -0.07779804532141799], "t": 59.83315348625183}
{"q": [0.7397344048137513, 0.11703440912364119, 0.5954156989456751, -0.2908196958798608], "x": [-0.20836055842026968, -0.1716237781357859, -0.07868521543527367], "t": 59.84289765357971}
{"q": [0.7409573781401617, 0.11785402900290912, 0.5924957076113097, -0.2933282007032837], "x": [-0.21059270763373372, -0.17494163095934073, -0.07991244352012736], "t": 59.85308909416199}
{"q": [0.7447376906872193, 0.11609969343877051, 0.5901008574174096, -0.28925357620257597], "x": [-0.21256999521811204, -0.1775424889327097, -0.08095752038249801], "t": 59.86313056945801}
{"q": [0.7533335830611033, 0.11323946134126978, 0.5828851408193461, -0.2826839955853089], "x": [-0.21550379979644962, -0.18079391035955478, -0.08284688788517865], "t": 59.873061656951904}
{"q": [0.7607065658761142, 0.11489576499206632, 0.573612730771391, -0.2812345975906253], "x": [-0.21715975743094296, -0.18248283638754192, -0.08366889270822724], "t": 59.88306665420532}
{"q": [0.7718287714123204, 0.11852466465269912, 0.5570254629923083, -0.28276289476818695], "x": [-0.21991987110592692, -0.18429579537308374, -0.08451385322607943], "t": 59.89290952682495}
{"q": [0.7768427051254516, 0.12301870158195419, 0.5493701466465403, -0.28208916652680766], "x": [-0.22123343014756536, -0.18486519723248906, -0.08476071112585175], "t": 59.90316820144653}
{"q": [0.7761766685769163, 0.1269629685835512, 0.5499871345791627, -0.2809702947817049], "x": [-0.2229540745535743, -0.18476687908840136, -0.08419687464066634], "t": 59.913124322891235}
{"q": [0.7706035840214511, 0.12618330345169693, 0.5585378580859981, -0.27979173732754586], "x": [-0.22395669945477514, -0.1843894851194206, -0.0832829549699342], "t": 59.9230740070343}
{"q": [0.7527748944365646, 0.12196294292813285, 0.5837702095971153, -0.2786886380086331], "x": [-0.22453840336780218, -0.18354374915169824, -0.0807476477366718], "t": 59.93309450149536}
{"q": [0.7250885090140042, 0.11736050895907751, 0.6203630979075812, -0.2749960481866095], "x": [-0.22351932378563388, -0.18209224160347603, -0.07746093894752266], "t": 59.94289207458496}
{"q": [0.7042534958561534, 0.11463244759623804, 0.6451723641818708, -0.2732014099913195], "x": [-0.2221578548078429, -0.18104673338513477, -0.07509220102848559], "t": 59.953107833862305}
{"q": [0.6771834284539506, 0.11133842475600039, 0.6757427530135881, -0.26906901941795397], "x": [-0.2191187995743633, -0.1790158366943637, -0.07185215476854798], "t": 59.96322059631348}
{"q": [0.6633873820254078, 0.11057732003147086, 0.6909152874787653, -0.26519031417772], "x": [-0.21662765899620517, -0.17733544792795025, -0.06942166208767674],