{"q": [0.8061427974527728, 0.11889517624952249, 0.5188838150165311, -0.2583745444681377], "x": [-0.13160146709788234, -0.20944305980747574, -0.07795722861155667], "t": 59.631266832351685}
{"q": [0.8061163256238537, 0.11899690036779736, 0.5189249923917981, -0.2583274593452711], "x": [-0.13159883617592705, -0.20938527596808176, -0.07796529109547604], "t": 59.6413459777832}
{"q": [0.8060135457702068, 0.11901947716300862, 0.5190704471999198, -0.25834546970113803], "x": [-0.13156628601842507, -0.20938455909072873, -0.07798962946493655], "t": 59.65126609802246}
{"q": [0.8061129575217267, 0.11891096320123802, 0.5189493499810511, -0.2583285795814462], "x": [-0.13161811912448657, -0.20931345879970326, -0.07794958660269453], "t": 59.661365032196045}
{"q": [0.8062079904625199, 0.11888624721089051, 0.5188032678062409, -0.2583368254279106], "x": [-0.13164062153874145, -0.20931959756160004, -0.07793506061887111], "t": 59.67109251022339}
{"q": [0.8061318891780789, 0.11903715922953274, 0.5188761044726626, -0.2583585320684435], "x": [-0.13165171233019946, -0.20935552411775282, -0.07794774982896116], "t": 59.68127489089966}
{"q": [0.8061313016439396, 0.11895765791879374, 0.518890240754815, -0.25836849051322763], "x": [-0.13163461145989502, -0.20937701919193685, -0.07792269811399655], "t": 59.691253662109375}
{"q": [0.8061753515880897, 0.11889139095751619, 0.5188644525944841, -0.25831337610321775], "x": [-0.1316236711159685, -0.20939714368975212, -0.07793177847728058], "t": 59.701340675354004}
{"q": [0.8061904215199756, 0.11914647031375311, 0.5187996568964891, -0.2582788867509581], "x": [-0.1316424672002029, -0.20942293846897342, -0.0779386739487739], "t": 59.711265563964844}
{"q": [0.8061352911626897, 0.11917789630945959, 0.5188842331754909, -0.2582666437470624], "x": [-0.13164617120740996, -0.2094313620358379, -0.07795252565116154], "t": 59.7213568687439}
{"q": [0.8061146430809993, 0.11911503890290998, 0.5187889113436202, -0.25855144170759026], "x": [-0.13166817957003074, -0.20946075474611123, -0.07793423476412367], "t": 59.731117486953735}
{"q": [0.8061894801891181, 0.11904893309146042, 0.5187628929401306, -0.25840069300351703], "x": [-0.13165076233053252, -0.20943536504413973, -0.07796040747739633], "t": 59.741178035736084}
{"q": [0.8061537008411587, 0.11901658839171153, 0.5187880665583157, -0.25847673140415806], "x": [-0.13172320883255512, -0.2093657313879881, -0.07797807769650522], "t": 59.75128245353699}
{"q": [0.8061502308742896, 0.11900008251926253, 0.5188153160469373, -0.25844029590748485], "x": [-0.13172369346172735, -0.209387903413082, -0.07796132549527005], "t": 59.76125502586365}
{"q": [0.8062323038283961, 0.11881208289012529, 0.5187345092527772, -0.25843311110335654], "x": [-0.13170934482097607, -0.209352042116282, -0.07797538107200598], "t": 59.77129030227661}
{"q": [0.8062557631994662, 0.11879646408751304, 0.5186886751582753, -0.2584591087020336], "x": [-0.1316953596476912, -0.20936235743503823, -0.0779529866086373], "t": 59.78137516975403}
{"q": [0.806238320465516, 0.1187312514539721, 0.5186834617803685, -0.25855384828052114], "x": [-0.13167711876935595, -0.2093637498368598, -0.0779723348136683], "t": 59.79131627082825}
{"q": [0.8061981756486368, 0.11872122663929024, 0.5186618256131134, -0.2587270931965297], "x": [-0.13166556381610944, -0.2093768699563295, -0.07797918378774117], "t": 59.80135679244995}
{"q": [0.8062028448322669, 0.11878647734581074, 0.5187002200501717, -0.2586055564211455], "x": [-0.13167078350050276, -0.20938943665098478, -0.07799479871919479], "t": 59.81128168106079}
{"q": [0.8062655774179897, 0.11887902305535258, 0.518593864405276, -0.25858069664293154], "x": [-0.13169658947377683, -0.2094165886693207, -0.07796507863761043], "t": 59.82107162475586}
{"q": [0.8061862790140224, 0.11881233283985071, 0.518761139462036, -0.25852309085524855], "x": [-0.1316588654345079, -0.2094130962873768, -0.07799241087870537], "t": 59.831276178359985}
{"q": [0.8061380682383331, 0.1189071428870064, 0.5188229552486949, -0.2585057227711732], "x": [-0.1316885827061, -0.20940210373321422, -0.07798032502441238], "t": 59.84126257896423}
{"q": [0.8061475327454298, 0.1188642196607572, 0.518761660093998, -0.25861906005340796], "x": [-0.131702037203077, -0.20936412340879001, -0.07798354318940481], "t": 59.851248264312744}
{"q": [0.8060936683009776, 0.11888043827948325, 0.5188983529507608, -0.2585052894245262], "x": [-0.13175942619907943, -0.20940313541996117, -0.07795081273500426], "t": 59.86125874519348}
{"q": [0.806243483685681, 0.11889114399775898, 0.5186986837022827, -0.2584338323797257], "x": [-0.13176668548022602, -0.20941477653686316, -0.07793968393492111], "t": 59.87134647369385}
{"q": [0.8062124296293486, 0.11893735363174007, 0.518726747796065, -0.25845307422808766], "x": [-0.13179451460612174, -0.20946351051679427, -0.0779620214143196], "t": 59.88127398490906}
{"q": [0.8062365293647634, 0.11974749268563335, 0.5186259013375474, -0.25820618020718794], "x": [-0.13187458346002556, -0.2095516420279732, -0.07805110535923439], "t": 59.891252517700195}
{"q": [0.8049169656296034, 0.1192361575753, 0.5203882639954844, -0.2590124361255414], "x": [-0.132727650970956, -0.209552124893767, -0.0784844121367056], "t": 59.90127182006836}
{"q": [0.8025336599261826, 0.1181611594236736, 0.5243301973825601, -0.2589508908109253], "x": [-0.1335448237928446, -0.20943829194245944, -0.07904552037629672], "t": 59.911275148391724}
{"q": [0.800417544128066, 0.11863490598444333, 0.5262360023283847, -0.2614060667656513], "x": [-0.1341611120845772, -0.20965463833905137, -0.07941973476872176], "t": 59.92109727859497}
{"q": [0.8006915897400826, 0.11974367108015561, 0.5268653431794248, -0.25878046538201455], "x": [-0.13336606878515134, -0.21058946898885939, -0.07993488256432886], "t": 59.93131899833679}
{"q": [0.80771976556265, 0.11845243186121496, 0.5137273518043304, -0.26389764910207825], "x": [-0.1339888006709241, -0.21472377702955708, -0.07831665276089626], "t": 59.941356897354126}
{"q": [0.8032184757563147, 0.10985637545334723, 0.531156037214006, -0.24626188468187205], "x": [-0.1340400806569927, -0.2166236911623687, -0.07866405458051537], "t": 59.9513418674469}
{"q": [0.8032215023883598, 0.10284462659817604, 0.5396382113761117, -0.23032330883987406], "x": [-0.13303566793807614, -0.218324421206134, -0.07952047669519884], "t": 59.96131205558777}
{"q": [0.806769619934389, 0.10544308178602783, 0.5336768456050558, -0.23063737903662676], "x": [-0.13266562783182534, -0.22050997196153757, -0.0807175100500807], "t": 59.97126865386963}
{"q": [0.8128942307259466, 0.11222177787529046, 0.5226850958360669, -0.23110501490128038], "x": [-0.13228536517890765, -0.22160251143776982, -0.08170698210126306], "t": 59.981302976608276}
{"q": [0.8283741071066025, 0.12354439446761276, 0.4895503105559714, -0.24263883279484932], "x": [-0.13238453859138738, -0.22313598479493696, -0.08307184269282886], "t": 59.9910991191864}
{"q": [0.8407047251576525, 0.13171059725383416, 0.46168931556093384, -0.2504212995476226], "x": [-0.132929798643379, -0.22368510805054, -0.08369700193742581], "t": 60.001270055770874}
{"q": [0.854833943191073, 0.14089315629656302, 0.4251557343272326, -0.26201264282505216], "x": [-0.13333250319127998, -0.2234131805042492, -0.08485707893017004], "t": 60.011208057403564}
{"q": [0.8612294685617369, 0.14690186626771898, 0.40421677663275524, -0.2707627268024319], "x": [-0.1338957787576983, -0.2229834807915015, -0.08536787465477727], "t": 60.02120637893677}
{"q": [0.8620247512967233, 0.14506474497025112, 0.3952906183354764, -0.28216105582050705], "x": [-0.13526141353341903, -0.22202939094985955, -0.08515796845707896], "t": 60.03123164176941}
{"q": [0.8581476802250537, 0.13925503415312823, 0.40592570751156937, -0.28180645115239183], "x": [-0.13570663925799414, -0.22091255831914217, -0.08480441812425286], "t": 60.04130578041077}
{"q": [0.8456663966302876, 0.12762957144450526, 0.436094848437687, -0.2799648675939336], "x": [-0.1365680706736393, -0.21849499181476978, -0.08342683613029432],