{"q": [0.7682672076409269, 0.11093056253150912, 0.5765383198867424, -0.2550753740230979], "x": [-0.19086797170226655, -0.2886955968902747, -0.07550654894567928], "t": 39.631388664245605}
{"q": [0.7685199287653303, 0.11087463417962293, 0.576234131972793, -0.25502587246688935], "x": [-0.1908874916236668, -0.2886739866976003, -0.07549906770316754], "t": 39.64129877090454}
{"q": [0.7687564351561792, 0.11094535836440578, 0.5758641527719028, -0.25511785974018547], "x": [-0.19096126278971592, -0.28864577676846126, -0.07546860427820515], "t": 39.651286602020264}
{"q": [0.7687806369747435, 0.11088582489563352, 0.57586702717489, -0.25506429304517486], "x": [-0.19098746182763837, -0.28861403760176907, -0.07549867734464116], "t": 39.66108441352844}
{"q": [0.7689490362841985, 0.11101052258673386, 0.575616755557925, -0.2550675104876363], "x": [-0.1910049067861641, -0.2886156750585755, -0.07549933068860212], "t": 39.67125415802002}
{"q": [0.7691074380506638, 0.11097377374619757, 0.5754431043033342, -0.2549976969521202], "x": [-0.19099634994138515, -0.2886337497095957, -0.0754864206884566], "t": 39.68133521080017}
{"q": [0.768774818216758, 0.11103454130466796, 0.5757822281037065, -0.25520868275355185], "x": [-0.1909929402131063, -0.288666517626732, -0.07542005653291835], "t": 39.691373109817505}
{"q": [0.7687866693585433, 0.11104717096463637, 0.5758191987756768, -0.2550839710868823], "x": [-0.19097523949823392, -0.28861133436991704, -0.0753865683099961], "t": 39.70123553276062}
{"q": [0.7685619606058778, 0.11115030135904497, 0.5760410947642488, -0.255215252855293], "x": [-0.19093079913923405, -0.28863899313591884, -0.07539123760931049], "t": 39.71138381958008}
{"q": [0.7684538219870927, 0.11100742307356357, 0.5762354726710922, -0.25516426756454696], "x": [-0.19093030726738047, -0.2886247728976946, -0.07539043718499851], "t": 39.72132420539856}
{"q": [0.7682913092182572, 0.11109706770977555, 0.5764067238011729, -0.2552276874569261], "x": [-0.19090878588841942, -0.28865298560104513, -0.07541272048529023], "t": 39.73107409477234}
{"q": [0.7685235291364348, 0.11121347188224212, 0.5760741029861116, -0.25522895091431846], "x": [-0.19094005868997588, -0.2886441563937717, -0.07541997066966466], "t": 39.74129366874695}
{"q": [0.7685908942603981, 0.11113714662322062, 0.5759693033957103, -0.2552957055548866], "x": [-0.19098551408326503, -0.28863477966715745, -0.075443438198262], "t": 39.751606702804565}
{"q": [0.7688191295045969, 0.11118468151955369, 0.5757512133189469, -0.2550796851129357], "x": [-0.190971731517939, -0.2886220406723335, -0.07547853574238858], "t": 39.7611243724823}
{"q": [0.7690745406966131, 0.1111645001924026, 0.5754285897032505, -0.25504645434687373], "x": [-0.19101344649309226, -0.2886050539023748, -0.07545021385560086], "t": 39.77132225036621}
{"q": [0.7689714811681628, 0.11120459560860423, 0.5754946989789942, -0.2551907028082333], "x": [-0.19100980251977562, -0.28867940455280044, -0.07548184397978129], "t": 39.78128457069397}
{"q": [0.7689529279226193, 0.11129435175994996, 0.5755599157930694, -0.2550603078639735], "x": [-0.19102135894504246, -0.28870398868584984, -0.07547536318880665], "t": 39.79130291938782}
{"q": [0.7688466156682309, 0.11125248123127343, 0.5756520832188619, -0.25519106679871856], "x": [-0.19101989757539273, -0.2886988637885872, -0.07551686496731139], "t": 39.80126142501831}
{"q": [0.7688307234970089, 0.11136550546039548, 0.5756715237857324, -0.25514571658389734], "x": [-0.19107680801776938, -0.28870475816491337, -0.07551085185427688], "t": 39.81109881401062}
{"q": [0.7689137530644363, 0.11142781467525745, 0.5756287506812773, -0.25496482444257035], "x": [-0.1910502718730055, -0.28873046212812714, -0.07555574395232635], "t": 39.8217556476593}
{"q": [0.7690156500758137, 0.11160563730402903, 0.5755005629278436, -0.2548689969893361], "x": [-0.19118776314475672, -0.2887265941952507, -0.075625850928681], "t": 39.83202815055847}
{"q": [0.7689532952696564, 0.11207953543836367, 0.5755930898746787, -0.25464014198722745], "x": [-0.19141686472859454, -0.2886961679106476, -0.07598557382124174], "t": 39.841081619262695}
{"q": [0.7691191745940247, 0.11168132936819725, 0.5753729011678476, -0.2548116922728935], "x": [-0.19159136480145633, -0.2885690596099275, -0.07621634447812789], "t": 39.85125541687012}
{"q": [0.7690491687038871, 0.11169334359875072, 0.5753155974959138, -0.2551468969790664], "x": [-0.19177988312413674, -0.2885485350526265, -0.0765231081681165], "t": 39.861222982406616}
{"q": [0.7687428786498038, 0.1120201977779879, 0.5757037290362716, -0.2550510869003621], "x": [-0.19203677021802834, -0.28853543143510574, -0.07708559823336447], "t": 39.87130308151245}
{"q": [0.7681269428726812, 0.11305018519293425, 0.5768039818944782, -0.2539642567516909], "x": [-0.1923442113933349, -0.2889965964284743, -0.07754251359374789], "t": 39.881279945373535}
{"q": [0.769562583373701, 0.11307793314419412, 0.576087828712835, -0.2512163882034569], "x": [-0.1924264791375292, -0.2896619088627997, -0.07765368264914489], "t": 39.89140820503235}
{"q": [0.7705052734884488, 0.11220978720990679, 0.5761170407266526, -0.24863579205429448], "x": [-0.19262241119962864, -0.2908861752476999, -0.07745254759457111], "t": 39.90110540390015}
{"q": [0.764108846047055, 0.10466588490393512, 0.5864630401943719, -0.24747494701575556], "x": [-0.1935173491000216, -0.29458407302759543, -0.07716420911077233], "t": 39.91131019592285}
{"q": [0.7617942842143108, 0.0979599294731007, 0.5936945353172787, -0.24000020792741217], "x": [-0.19399897642404806, -0.29697743393560005, -0.07728718934853811], "t": 39.92125606536865}
{"q": [0.7617146742883081, 0.09069336803452463, 0.5971542109941075, -0.2344616421010376], "x": [-0.1942354662105722, -0.30008561289846414, -0.0780236910790404], "t": 39.93131875991821}
{"q": [0.7643009161992688, 0.09547910922562375, 0.5897781124701815, -0.2426718449831459], "x": [-0.195141046993349, -0.30259206722813975, -0.07891889819779184], "t": 39.9419584274292}
{"q": [0.769405998343927, 0.1035855899654847, 0.5780234852343822, -0.25134289104882596], "x": [-0.19607415471170464, -0.30427926491921464, -0.08000570907246793], "t": 39.95132374763489}
{"q": [0.7791877398897865, 0.11035557331311428, 0.5606929223308632, -0.25751027038392804], "x": [-0.19702022634715632, -0.3056492123966216, -0.08109122162195578], "t": 39.96109986305237}
{"q": [0.7930863155294977, 0.11660057738062284, 0.5376330688917126, -0.2614749197563444], "x": [-0.19845510573592828, -0.30696159795454603, -0.08237654370322399], "t": 39.97129821777344}
{"q": [0.802349224555622, 0.12034613056353974, 0.5214373650540675, -0.2643019804654379], "x": [-0.1994463538206137, -0.30762781736899747, -0.08239961466922009], "t": 39.981255531311035}
{"q": [0.8036079869992032, 0.12151937516124942, 0.5182824297019422, -0.26614017515265], "x": [-0.2002185239543035, -0.3077765227079629, -0.08199794244526296], "t": 39.991570711135864}
{"q": [0.8019382515566266, 0.12140472251777285, 0.5205334815063395, -0.26683486687958524], "x": [-0.20082021492860958, -0.30742938302537215, -0.08124068055693634], "t": 40.001258850097656}
{"q": [0.7941120212948131, 0.11999882248816507, 0.5323852024380945, -0.26749280924458346], "x": [-0.20120230549961593, -0.30648240339779725, -0.07942743521420148], "t": 40.01135969161987}
{"q": [0.7869873653639191, 0.1183414799403836, 0.5433657650344315, -0.26720747898993175], "x": [-0.2010389690976856, -0.30556847121817465, -0.0780881279277037], "t": 40.02138686180115}
{"q": [0.7745046830589376, 0.1151083442329254, 0.5625288110912832, -0.26543154976805344], "x": [-0.20018279031837272, -0.30361061834852004, -0.07576442700471415], "t": 40.03108048439026}
{"q": [0.76171389384156, 0.11091928735707758, 0.5821150832248217, -0.2619749054484616], "x": [-0.1989146077618661, -0.3008128717249041, -0.07348038921244777], "t": 40.04138135910034}
{"q": [0.754618801184679, 0.10856704449561291, 0.5930276703850007, -0.25900165667990893], "x": [-0.1978504281976161, -0.29830593607117983, -0.07202570411792077],