{"q": [0.7486886312884637, 0.008854605435239325, 0.6218585861606694, -0.22951870720425052], "x": [-0.21306846032728832, -0.10250623075404816, -0.07119750434641822], "t": 51.631346225738525}
{"q": [0.7484946401784699, 0.008904254586434155, 0.6220718033121582, -0.2295716849566713], "x": [-0.21303165767040422, -0.1024492838151882, -0.07116008320130525], "t": 51.64129972457886}
{"q": [0.7484740151579278, 0.00881439264606829, 0.622195783209196, -0.22930625042500374], "x": [-0.2130129874270641, -0.10242655649481774, -0.07115396008384292], "t": 51.65141582489014}
{"q": [0.7481724275456534, 0.008454183434353276, 0.6224136052412995, -0.22971252647587298], "x": [-0.21303174149746784, -0.10245312514740312, -0.07116448842470874], "t": 51.661142110824585}
{"q": [0.7478919313303972, 0.008573203862643087, 0.6227842392515431, -0.22961684789061426], "x": [-0.21299933031799534, -0.10245026960990353, -0.07119548038691786], "t": 51.671191930770874}
{"q": [0.7479499446216367, 0.008602207133566929, 0.6228765311008982, -0.22917611195447318], "x": [-0.21298393016129769, -0.10244489340532853, -0.07121577184050121], "t": 51.681262493133545}
{"q": [0.7482469657558964, 0.008770021296290526, 0.6225580514611239, -0.22906559592476064], "x": [-0.21303713999571539, -0.10244324025114893, -0.07122308431695182], "t": 51.69130063056946}
{"q": [0.74831368209822, 0.00845729168172249, 0.6225738672000625, -0.22881621376576147], "x": [-0.21311321547825224, -0.10242686210387433, -0.0712366725748704], "t": 51.70136308670044}
{"q": [0.7483101921442918, 0.008752101732044583, 0.6225161175012345, -0.2289736938630091], "x": [-0.2130733518165966, -0.10239552083579032, -0.07117819885029086], "t": 51.711904764175415}
{"q": [0.7480817720368671, 0.008710541572027063, 0.6227518470065813, -0.22908067539575278], "x": [-0.21310447145117584, -0.10241358321119565, -0.07116480846105533], "t": 51.72109317779541}
{"q": [0.7479258780807739, 0.008763964400570107, 0.6228533284947839, -0.22931155135391315], "x": [-0.21314445301206586, -0.10246077685278498, -0.07118969542854274], "t": 51.731234312057495}
{"q": [0.7479552552008618, 0.008910954104366556, 0.6227632320911595, -0.2294547635519119], "x": [-0.21313548177347985, -0.10240656066440401, -0.0711601208010967], "t": 51.74120116233826}
{"q": [0.7478872465863589, 0.00888358349647507, 0.6228074845839094, -0.22955726913163324], "x": [-0.21319210264672495, -0.1023946777580717, -0.07119210301331082], "t": 51.751702070236206}
{"q": [0.7481371849641487, 0.008783402852314423, 0.6224779114437369, -0.22964067184244505], "x": [-0.21325539423470374, -0.10248853327614355, -0.07126158782113262], "t": 51.761093616485596}
{"q": [0.748487387288778, 0.008759235181916434, 0.6220954579483895, -0.22953688433078118], "x": [-0.21326742660635378, -0.1024591061863123, -0.07126149234023482], "t": 51.77122116088867}
{"q": [0.748916020724658, 0.009060988927790337, 0.6215798645941346, -0.22952378531186307], "x": [-0.21323850260503563, -0.10243583020188354, -0.07121334746553151], "t": 51.78118062019348}
{"q": [0.7491848207485318, 0.008972803821955515, 0.6213633143545154, -0.2292361446526641], "x": [-0.21319853549406564, -0.1024180608990225, -0.07117764720032123], "t": 51.791263580322266}
{"q": [0.7486445257569289, 0.008688663868479694, 0.6219370312586594, -0.22945634565709666], "x": [-0.21313214720439733, -0.10245694340876349, -0.07122071425075119], "t": 51.80124044418335}
{"q": [0.748775833580651, 0.008870530983761619, 0.6218221320595704, -0.22933226341597454], "x": [-0.2129948536957571, -0.10238882530944907, -0.07107912396581839], "t": 51.81127047538757}
{"q": [0.7483725221704217, 0.008603111266096794, 0.6224031011672214, -0.22908276922749782], "x": [-0.2129088998122216, -0.10242781411467311, -0.07115412882898675], "t": 51.82136583328247}
{"q": [0.7480862691323727, 0.008426153641053154, 0.6226881937146894, -0.22924953154882563], "x": [-0.21287387461453822, -0.10244434343160214, -0.07121041710984691], "t": 51.8310809135437}
{"q": [0.7479723444588933, 0.00844517344821107, 0.622760622550964, -0.22942379376608774], "x": [-0.21291698247755453, -0.10242151646591485, -0.07121853385578308], "t": 51.84124493598938}
{"q": [0.7477333252513768, 0.008391381150697954, 0.6229985828576243, -0.22955867890578013], "x": [-0.21293411039565313, -0.10244114669689214, -0.07119404969298244], "t": 51.85126328468323}
{"q": [0.7473871881012757, 0.008119368792275379, 0.6234251826472412, -0.22953765439122248], "x": [-0.21295714079707972, -0.10251587390173372, -0.07120185076182296], "t": 51.861268520355225}
{"q": [0.7475686285544201, 0.008498538391725041, 0.6232919147302929, -0.2292948229531597], "x": [-0.2130371272385747, -0.10251442932510837, -0.07119725029754158], "t": 51.87148189544678}
{"q": [0.7481692652916427, 0.008677163724084218, 0.622782422120271, -0.2287128189057053], "x": [-0.21301819613745965, -0.10252703567084911, -0.07126101919955097], "t": 51.881075859069824}
{"q": [0.748409397467294, 0.008586136185254795, 0.6226295522055943, -0.2283464329390879], "x": [-0.21305856663756173, -0.10254977197281903, -0.07132615319166241], "t": 51.891324043273926}
{"q": [0.7485707338354893, 0.007591967134398171, 0.6229895803213361, -0.22686612515655571], "x": [-0.2129980264350011, -0.10263640972031537, -0.0714972225722928], "t": 51.90133786201477}
{"q": [0.7492490314035528, 0.007010461681053005, 0.622851780812001, -0.2250164374108226], "x": [-0.21286748574787973, -0.10263110628213926, -0.07160075423725655], "t": 51.91108202934265}
{"q": [0.7495949553525881, 0.006151411932898081, 0.623177617839439, -0.22297804725182435], "x": [-0.2128459644536469, -0.10275212117908683, -0.071960646380827], "t": 51.92138385772705}
{"q": [0.7507741551888847, 0.005534001660530571, 0.6222347140282811, -0.22165627972846397], "x": [-0.21305771066491475, -0.10288559783334492, -0.0723505892781248], "t": 51.93138599395752}
{"q": [0.7553088200425315, 0.006124531446200093, 0.6178431455195357, -0.21849676355055098], "x": [-0.2134525916905804, -0.10289885626419251, -0.07266587012421431], "t": 51.94126653671265}
{"q": [0.7595654748366876, 0.00612428058848194, 0.6132766158159924, -0.21659773874781946], "x": [-0.21383640043880459, -0.10302161054232714, -0.07303817356074693], "t": 51.95135164260864}
{"q": [0.7656497499097064, 0.0035479991794485424, 0.6076215092838502, -0.21110176193659275], "x": [-0.21453053461235538, -0.10332436448503118, -0.07403535021029495], "t": 51.96108317375183}
{"q": [0.77292102747739, 0.0009977287626233775, 0.6004072089307697, -0.20519082832231306], "x": [-0.21501815395414137, -0.1034338355897905, -0.07458276524444975], "t": 51.97123432159424}
{"q": [0.7827829870516141, -0.004118588832556655, 0.5906580126951567, -0.19584923877625066], "x": [-0.2155122980526788, -0.1032649849617962, -0.0754329197805339], "t": 51.98126435279846}
{"q": [0.7871255091570497, -0.006883964392995455, 0.586392467401244, -0.19112799047226164], "x": [-0.21591712849654743, -0.10286649511803142, -0.07619034659731265], "t": 51.991361141204834}
{"q": [0.7871255091570497, -0.006883964392995455, 0.586392467401244, -0.19112799047226164], "x": [-0.21591712849654743, -0.10286649511803142, -0.07619034659731265], "t": 52.00129199028015}
{"q": [0.7820876226492071, -0.013555465322069582, 0.5955678605569598, -0.18290457708412858], "x": [-0.2175729668515286, -0.09877355442585406, -0.07671282187336517], "t": 52.01110053062439}
{"q": [0.767865518388031, -0.017687033726868126, 0.606268577442843, -0.20617488910118545], "x": [-0.22038611150774923, -0.09762590740814575, -0.07676270370038221], "t": 52.02130675315857}
{"q": [0.7641903198679576, -0.020407452812518115, 0.6056740825199969, -0.2208067047578452], "x": [-0.22266715661531933, -0.09722973579213823, -0.07539593520304003], "t": 52.03123903274536}
{"q": [0.75516643871206, -0.026705732110178272, 0.6107115496084252, -0.2367316044866752], "x": [-0.22610585676818196, -0.09664516305757365, -0.07251185008777822], "t": 52.041287422180176}
{"q": [0.7512394411015701, -0.02588609894127547, 0.6136104701806647, -0.2417673127159644],