{"q": [0.7793360197053582, 0.06299430572497111, 0.5758847894619965, -0.23879656223896287], "x": [-0.18123283578873117, -0.16772281575377945, -0.07402779418019959], "t": 55.63133668899536}
{"q": [0.7794637217541153, 0.06289481461425651, 0.575510067183375, -0.2393089679879129], "x": [-0.1812372448640096, -0.16783191572079142, -0.07406771085818481], "t": 55.64132642745972}
{"q": [0.7792810133216602, 0.06307850576953977, 0.5757847514032012, -0.23919472107296907], "x": [-0.18122073582424192, -0.16787558986747655, -0.0740936672902365], "t": 55.651779890060425}
{"q": [0.7791515811405259, 0.06286730291545052, 0.576192391074116, -0.2386898213520963], "x": [-0.18121556010830897, -0.16775999257400043, -0.07411338827957085], "t": 55.661149978637695}
{"q": [0.7791507714808267, 0.06293039849880132, 0.5759807322652526, -0.2391862035607357], "x": [-0.18120545211295935, -0.167810961737477, -0.07411438784159842], "t": 55.67129707336426}
{"q": [0.7790344811902035, 0.06304017284889413, 0.5761054815344073, -0.239235565203849], "x": [-0.18121683630793783, -0.16780520332073257, -0.07413360826253489], "t": 55.68129563331604}
{"q": [0.7788489238366509, 0.06301978716462117, 0.5762943164939002, -0.2393903459234798], "x": [-0.18123699334350618, -0.16779883392427442, -0.07408708758535164], "t": 55.6913480758667}
{"q": [0.7786225196930572, 0.06292219749054118, 0.5767626035030158, -0.23902448931374148], "x": [-0.1812015035384169, -0.1677692205984494, -0.07414193724646928], "t": 55.701197385787964}
{"q": [0.7787323146225241, 0.06331013097637615, 0.5765350642930316, -0.23911326984510667], "x": [-0.18117533036491829, -0.16775527460896986, -0.07413999442673912], "t": 55.711273431777954}
{"q": [0.7788811185721145, 0.06338193789363189, 0.5761671003048694, -0.23949627838645465], "x": [-0.1812846488349381, -0.16779569757998722, -0.07413749725276493], "t": 55.7210898399353}
{"q": [0.7793623653857942, 0.06334608248249754, 0.5756129452506553, -0.2392724347678649], "x": [-0.18131603384118622, -0.16782965600838146, -0.07411894091910269], "t": 55.73118352890015}
{"q": [0.7797180161662735, 0.06343901606592449, 0.5751432886493755, -0.23921853902776474], "x": [-0.18140075476595585, -0.16780317167915876, -0.07416597019823983], "t": 55.74127554893494}
{"q": [0.7798601558269986, 0.06322360445382401, 0.574977408333741, -0.239210953862462], "x": [-0.18138483841258157, -0.16777313268723615, -0.07419019308425873], "t": 55.75125217437744}
{"q": [0.7800362909313188, 0.06292496414760025, 0.575022903974881, -0.2386052568083125], "x": [-0.1813660965972328, -0.1676650713383285, -0.07420736007790843], "t": 55.761242389678955}
{"q": [0.779845752122763, 0.06263601069059699, 0.5750913195805172, -0.23913868531630522], "x": [-0.1812225826853251, -0.16781579860162024, -0.07408683741328696], "t": 55.77128553390503}
{"q": [0.7793272165430611, 0.0629918429980364, 0.5757849771244817, -0.2390663880075594], "x": [-0.18111304267501893, -0.16786962983692408, -0.07411586651633989], "t": 55.78123617172241}
{"q": [0.779133758842349, 0.0629299055190218, 0.5760953138045631, -0.23896586648332505], "x": [-0.18105404460701657, -0.16788242921801058, -0.07412391488717272], "t": 55.791791677474976}
{"q": [0.7789275534456045, 0.0628707666982423, 0.5767262708724195, -0.23813008560179066], "x": [-0.18107458620701633, -0.16775505325860446, -0.07414352207568102], "t": 55.801106691360474}
{"q": [0.7789299225610263, 0.06285473445735838, 0.5763779566934034, -0.23896829967733763], "x": [-0.1810640523933008, -0.1678427742265742, -0.07419632412474239], "t": 55.811291217803955}
{"q": [0.7790766892456948, 0.06260535409821401, 0.5762844121583532, -0.23878092309928198], "x": [-0.1810833897469183, -0.16783909052465884, -0.0741571806171491], "t": 55.82127070426941}
{"q": [0.779058639732687, 0.062474830433095985, 0.5765803975232918, -0.2381586896572953], "x": [-0.1811007162848941, -0.16779064930236592, -0.07415296923653672], "t": 55.83128643035889}
{"q": [0.7793988097834393, 0.06264420183436213, 0.5757976597123015, -0.23889379538696945], "x": [-0.18110564131829376, -0.16795452658945562, -0.07411639802915268], "t": 55.84138631820679}
{"q": [0.7795751168350997, 0.06264864791192556, 0.5756585686424748, -0.238652350568615], "x": [-0.18114650967233015, -0.16788687362170285, -0.07410864772713889], "t": 55.8512749671936}
{"q": [0.7795043763910532, 0.06256382680971559, 0.5759387287031859, -0.23822932883843198], "x": [-0.18112792341034156, -0.16781116312756392, -0.07411683027899837], "t": 55.86108660697937}
{"q": [0.7791582059270669, 0.06224399652267018, 0.5761883337334559, -0.23884138509332484], "x": [-0.1810644868669543, -0.16784171363842373, -0.07410520599210342], "t": 55.871262073516846}
{"q": [0.7790820773577035, 0.06212490287015823, 0.5763600024363845, -0.23870651084259784], "x": [-0.18099574270462848, -0.16776378963365784, -0.07410451383900792], "t": 55.88129711151123}
{"q": [0.7790240332396747, 0.06178207815510642, 0.5766313772277571, -0.23832909512132253], "x": [-0.18110482433912545, -0.16765501268234684, -0.07422386856166333], "t": 55.89130449295044}
{"q": [0.7790068247311217, 0.06178538240988767, 0.576794287932766, -0.23799003588605044], "x": [-0.18117284536791556, -0.16765803563257747, -0.07433954387426814], "t": 55.901259660720825}
{"q": [0.7790093342672312, 0.0630779266083118, 0.5765028000564019, -0.2383488908190137], "x": [-0.18143719338803743, -0.16787929606121446, -0.07469958848932338], "t": 55.91125297546387}
{"q": [0.7808125330694647, 0.06620715400805614, 0.5743378852409452, -0.23682150908185212], "x": [-0.18209767383617337, -0.16821514596250436, -0.07534461005297427], "t": 55.921430587768555}
{"q": [0.7843429732396446, 0.0685269990050798, 0.5705266283588175, -0.23368689150062655], "x": [-0.1826425576448356, -0.16833626776292565, -0.07581651500215214], "t": 55.93140244483948}
{"q": [0.7917517436965371, 0.0718369616084207, 0.5616888799820366, -0.22907253282587], "x": [-0.18338258101413962, -0.16898657929219849, -0.07648024598624857], "t": 55.94110655784607}
{"q": [0.7969619567760227, 0.07223754543922235, 0.5562852604260995, -0.22400903152870283], "x": [-0.18386869914259685, -0.1693755815875059, -0.07699221332936923], "t": 55.951256275177}
{"q": [0.8017908902620113, 0.07123831912498971, 0.5513662845059394, -0.2192070177236234], "x": [-0.18442148029002636, -0.16986929308620446, -0.07765878850223289], "t": 55.96130585670471}
{"q": [0.8034181556515927, 0.07091765312403844, 0.548901621684448, -0.21953812978295922], "x": [-0.18462042896361464, -0.17089651257591534, -0.07795055423408626], "t": 55.97124934196472}
{"q": [0.8055204342227195, 0.06607336587093851, 0.5475903050537209, -0.21660113121464633], "x": [-0.18495656908178415, -0.17283428302620196, -0.07801812870351588], "t": 55.981385469436646}
{"q": [0.8050920758650515, 0.06116224642444597, 0.5513525053836136, -0.2099913709547676], "x": [-0.18514286227463905, -0.17355979334338328, -0.07839767574811062], "t": 55.99207162857056}
{"q": [0.8039183016509869, 0.055886499152306764, 0.5549734026875718, -0.20638938244862126], "x": [-0.1848191613855985, -0.17368720110974623, -0.07904127730855563], "t": 56.00115776062012}
{"q": [0.8027346568274427, 0.05384847759036829, 0.5542671830448934, -0.21331979090539557], "x": [-0.1852085487898696, -0.1738790336446429, -0.07911580258107397], "t": 56.011242628097534}
{"q": [0.7971420412695981, 0.05126207270053064, 0.5551290239231056, -0.2318803848094774], "x": [-0.18665610352549877, -0.17381174893179765, -0.0792561025897763], "t": 56.02133774757385}
{"q": [0.7948579987350473, 0.04992976723599238, 0.5549050180732096, -0.24039169041696015], "x": [-0.1877667581612863, -0.17370143057842474, -0.07905363949245621], "t": 56.031312704086304}
{"q": [0.7927929868871555, 0.050286843075137685, 0.5527964854449147, -0.25172724837515936], "x": [-0.18936902710620018, -0.1736368494658092, -0.07777267535046248], "t": 56.04138660430908}
{"q": [0.7888986004111962, 0.04995663052778665, 0.5554929433069395, -0.25801339368153636],