{"q": [0.7463836539456998, 0.15218202956985197, 0.5628453674706869, -0.32086937311365493], "x": [-0.07812251054685138, -0.2231193148922497, -0.07611448476698252], "t": 63.63137245178223}
{"q": [0.7461619866253002, 0.15219529210416485, 0.5630792258575514, -0.32096828314202136], "x": [-0.0781339836682366, -0.22311465101837932, -0.07611605406494981], "t": 63.641371965408325}
{"q": [0.7461515560071293, 0.15215998746730308, 0.5631643429998366, -0.3208599601832894], "x": [-0.07806526407472003, -0.22312375892381697, -0.07611320525401209], "t": 63.65128517150879}
{"q": [0.7461317268862119, 0.15228913161337373, 0.5631590639538813, -0.3208540545602335], "x": [-0.07809928105613856, -0.22312341601849933, -0.07609870390187627], "t": 63.661259174346924}
{"q": [0.746345658097683, 0.15232067607333383, 0.5628566128336907, -0.3208721892690848], "x": [-0.07814854170987012, -0.2230970327523091, -0.07609259095131293], "t": 63.6712806224823}
{"q": [0.7465486203088092, 0.15241169550852246, 0.5626189283357462, -0.3207736244144412], "x": [-0.0781606913285432, -0.2230669167780284, -0.07606487565246856], "t": 63.681265354156494}
{"q": [0.746733187306222, 0.15244955380647787, 0.5623494586383552, -0.32079862126112724], "x": [-0.07818445635866922, -0.22303830979443268, -0.0761494931572175], "t": 63.691269874572754}
{"q": [0.7470051703451087, 0.1526173621228052, 0.5620676283695899, -0.32057939787433426], "x": [-0.07818284049635826, -0.22305464019497445, -0.07615300822111505], "t": 63.70131778717041}
{"q": [0.7471078055193205, 0.1525240932515856, 0.5619012699616885, -0.3206763440876783], "x": [-0.07815647329266284, -0.22306481747186158, -0.07612826186737574], "t": 63.711294412612915}
{"q": [0.7471758993115705, 0.152563300735605, 0.5617362623631693, -0.3207879867237938], "x": [-0.07818146889703231, -0.22308905282735975, -0.07611755307352866], "t": 63.721088886260986}
{"q": [0.7471841188280226, 0.15274604833362782, 0.5616938502014854, -0.3207562565073376], "x": [-0.07822129966989183, -0.22310961048638192, -0.07608676061534955], "t": 63.731226205825806}
{"q": [0.7468770422954383, 0.15269897461201248, 0.5621231434960938, -0.32074170384935186], "x": [-0.07820411108981362, -0.22309738676712826, -0.07608130382302394], "t": 63.74125671386719}
{"q": [0.7468707451866136, 0.15263928091728055, 0.5621343415508407, -0.32076509755620525], "x": [-0.07820733993503082, -0.2231008222011372, -0.07608022944862775], "t": 63.75124788284302}
{"q": [0.7466961907686117, 0.15253336475425844, 0.5623228032234847, -0.3208915810276536], "x": [-0.07821314165134813, -0.22308834296585747, -0.0760579207488034], "t": 63.76124596595764}
{"q": [0.7467132118729887, 0.15229637964830148, 0.5623730375556601, -0.3208765195291459], "x": [-0.07825534671166201, -0.22304464560781131, -0.07604330762891975], "t": 63.771332025527954}
{"q": [0.7467345538842473, 0.1523200458567372, 0.5624101960886795, -0.3207504927272131], "x": [-0.07820048871043178, -0.22302296458046403, -0.0760308129781514], "t": 63.78106951713562}
{"q": [0.7466999334325557, 0.15232892269454507, 0.5624072875493854, -0.32083189666285344], "x": [-0.07819947351545836, -0.2230507803437752, -0.07606516591450616], "t": 63.7911958694458}
{"q": [0.746768658553357, 0.15241554010671132, 0.562347040997915, -0.320736534382943], "x": [-0.07816577188347312, -0.22306434680751974, -0.07610168888928345], "t": 63.80124115943909}
{"q": [0.7467034303320851, 0.15258523198107735, 0.562373852153338, -0.32076073000771255], "x": [-0.07814257533343455, -0.22311483918669878, -0.07611668621774748], "t": 63.8113055229187}
{"q": [0.7466282015705347, 0.1524016371142864, 0.5625804173566161, -0.32066076733807164], "x": [-0.07811711210574546, -0.22310455074674188, -0.07610995543533171], "t": 63.82125496864319}
{"q": [0.7465650769961394, 0.15244140428164424, 0.5625661886393674, -0.32081380033211043], "x": [-0.0781095403211075, -0.22313681012352732, -0.07613524137044146], "t": 63.83197069168091}
{"q": [0.7466394964269949, 0.1525370365120603, 0.5624919697371316, -0.3207252437871302], "x": [-0.07805888821985735, -0.22319217356951623, -0.07616041705704313], "t": 63.841140270233154}
{"q": [0.746629665574186, 0.15246396257743405, 0.5624838328705133, -0.3207972385691786], "x": [-0.07805036644976282, -0.22322782946628972, -0.0761755570660962], "t": 63.85124206542969}
{"q": [0.7469586131224324, 0.15211160251957762, 0.5620704446260584, -0.32092311214478436], "x": [-0.07809187443996846, -0.22314360438520567, -0.07617573983441271], "t": 63.86119532585144}
{"q": [0.7474149454804454, 0.15115547300753823, 0.5613291469870783, -0.3216093213109808], "x": [-0.07848349847956293, -0.22291747463012548, -0.07635365692702385], "t": 63.871363162994385}
{"q": [0.7479200625710387, 0.14975442613098083, 0.5608386212938423, -0.32194610294357096], "x": [-0.07873362840376996, -0.22262651193673005, -0.07659210140466924], "t": 63.88127636909485}
{"q": [0.7479905267855506, 0.14595550340629465, 0.5602900102735204, -0.3244723409643811], "x": [-0.07900443341911184, -0.22191120720810598, -0.07695081113656761], "t": 63.89126205444336}
{"q": [0.7455359719876908, 0.14532120501859314, 0.5617052802185226, -0.3279405790486501], "x": [-0.07892517404843274, -0.2215970101937089, -0.07727423986725496], "t": 63.9013991355896}
{"q": [0.741303403344517, 0.14535160359018726, 0.5646510473248265, -0.33243246088716055], "x": [-0.07858273926779819, -0.22145247912900368, -0.07726799308073275], "t": 63.91148138046265}
{"q": [0.7392009035707561, 0.14492057534803438, 0.5669488392610109, -0.33339029300015177], "x": [-0.07845581845098659, -0.22161015940136589, -0.07729146734719862], "t": 63.92107963562012}
{"q": [0.7330220838597128, 0.1472976414663168, 0.5758887674678991, -0.33065712570536], "x": [-0.07753189973425823, -0.22305701931572713, -0.0776033920799151], "t": 63.93136715888977}
{"q": [0.7298058625779149, 0.14941454421162448, 0.580341187425469, -0.32903312423600867], "x": [-0.07690678055424066, -0.22584491011678548, -0.07843977978107264], "t": 63.94131422042847}
{"q": [0.7321110868573785, 0.15093880041363783, 0.5760427303891941, -0.33076527218186363], "x": [-0.07641562184401646, -0.22864528437298204, -0.07876093665525714], "t": 63.951476097106934}
{"q": [0.7374831648935454, 0.15312536420899947, 0.5682111142892529, -0.3313718973153893], "x": [-0.07536334002349648, -0.23191376058019827, -0.079441830969454], "t": 63.96110820770264}
{"q": [0.7459207076283338, 0.15662641446397965, 0.5555226113575574, -0.3323628996359462], "x": [-0.07414140578067457, -0.2349346638748648, -0.0803075536841629], "t": 63.97136354446411}
{"q": [0.7601487680014902, 0.16508109897536, 0.5289921330235657, -0.3392483698767159], "x": [-0.07249435188873044, -0.2380854165872155, -0.08157897973322455], "t": 63.98127841949463}
{"q": [0.7697417133309764, 0.17461470777980506, 0.5021175941964464, -0.353391180900098], "x": [-0.07157374209654233, -0.24019601083717435, -0.08311648973513375], "t": 63.9912109375}
{"q": [0.7731173487179965, 0.18083108766716044, 0.4878142540325482, -0.3628042777416884], "x": [-0.07173782171660364, -0.24130080394904627, -0.0838823752795933], "t": 64.0012755393982}
{"q": [0.781063511952929, 0.18403247353049043, 0.476230659410338, -0.35954998340795596], "x": [-0.07172021954173696, -0.24222756030475442, -0.08443367443659454], "t": 64.01139450073242}
{"q": [0.7834041764114914, 0.18409302277023398, 0.47778061543744804, -0.3522972559723203], "x": [-0.07228032849160188, -0.24224070933018743, -0.08456131042756215], "t": 64.02127313613892}
{"q": [0.779805003181885, 0.1789576422909774, 0.49407075330383887, -0.34025353565943633], "x": [-0.07342549807505988, -0.2414448356819711, -0.08350798272642346], "t": 64.03130054473877}
{"q": [0.7701469651438273, 0.1747599125024443, 0.515356344862816, -0.3327768570138255], "x": [-0.07418042156726729, -0.2405222329006036, -0.0826538985055706], "t": 64.04108214378357}
{"q": [0.754063397929482, 0.16495741301197991, 0.5511034579751162, -0.3169581359870993], "x": [-0.07584421862552537, -0.2386528748877058, -0.08058970510639335],