{"q": [0.7721864291055782, 0.16580487023200444, 0.5220761592402376, -0.3219834297980837], "x": [-0.07759350927131087, -0.2022167020368252, -0.07811477243727104], "t": 51.553163051605225}
{"q": [0.7722910937310967, 0.16574843878158213, 0.5219509605130147, -0.32196445170097443], "x": [-0.07763984506638516, -0.20224333279127235, -0.07811091390536319], "t": 51.563153982162476}
{"q": [0.772423466069331, 0.1658191126691493, 0.5217013934014544, -0.3220149941847357], "x": [-0.07765319932484038, -0.2022476515735731, -0.07813770532118228], "t": 51.574230670928955}
{"q": [0.7726725341954624, 0.16592632908094498, 0.5212762104838454, -0.3220507650129551], "x": [-0.0777013773842416, -0.2022678635942355, -0.07816466283046393], "t": 51.582918643951416}
{"q": [0.7729300473911058, 0.1659967368589905, 0.5208922668361965, -0.3220177606298598], "x": [-0.07775795431580812, -0.20224578302412446, -0.07816716771456263], "t": 51.59312057495117}
{"q": [0.7731607005429474, 0.16586461278693518, 0.5205888545570603, -0.32202281534572436], "x": [-0.07776684219362923, -0.2022541501555005, -0.07815953780562332], "t": 51.60310506820679}
{"q": [0.7733843126968403, 0.16604011439690225, 0.5202336531616761, -0.3219694408407572], "x": [-0.07776438335534708, -0.20220931066484155, -0.07812842586966744], "t": 51.61303639411926}
{"q": [0.7735016532725856, 0.16617094097815213, 0.5200273490896576, -0.32195336399917523], "x": [-0.07776749879307232, -0.20218448090460817, -0.07816260977101755], "t": 51.62312054634094}
{"q": [0.7735742153850226, 0.1660871802622736, 0.5200164969825202, -0.3218398616538282], "x": [-0.07775366277779716, -0.20216314793232432, -0.0781570570396655], "t": 51.63310527801514}
{"q": [0.773548691482744, 0.16612318362863868, 0.5199810870672297, -0.3219396984554333], "x": [-0.07777925146329706, -0.2021718792506961, -0.07813346834827277], "t": 51.6431827545166}
{"q": [0.7735135412540839, 0.16602438289698587, 0.5200335706279494, -0.321990398430375], "x": [-0.07775934554247144, -0.20214491724096761, -0.07813413228319369], "t": 51.65341901779175}
{"q": [0.7732828260485489, 0.16608962846470676, 0.5204054738227426, -0.3219099704783758], "x": [-0.07777214611015032, -0.2021130760522559, -0.07814714314064662], "t": 51.66288685798645}
{"q": [0.7732525247687123, 0.16595203963518468, 0.5204286367130398, -0.32201632430464094], "x": [-0.07772015979027519, -0.20212081011588692, -0.07813447523700534], "t": 51.673033714294434}
{"q": [0.7730363087493922, 0.16604926523527588, 0.5207618269994474, -0.3219466581633397], "x": [-0.07767673577074047, -0.2021295082342824, -0.0781698178928677], "t": 51.68322396278381}
{"q": [0.7729347637519172, 0.1659445547042153, 0.5210046230960923, -0.32185151391543365], "x": [-0.07765488345348215, -0.20216250604192848, -0.07814273038336811], "t": 51.693060636520386}
{"q": [0.7728333833101649, 0.1659286341216581, 0.5211150286911209, -0.32192444529037545], "x": [-0.07765012899867535, -0.2021313002477649, -0.07811186725245797], "t": 51.7030725479126}
{"q": [0.7728300773136694, 0.1660415020045003, 0.5210365480826589, -0.3220011389141416], "x": [-0.07762218185001546, -0.20216384536254745, -0.07813978765204087], "t": 51.713155031204224}
{"q": [0.7729239758994702, 0.16591847723212863, 0.5210132940539989, -0.3218767859525899], "x": [-0.07761712006940708, -0.20217586299749163, -0.07813908581184868], "t": 51.72307586669922}
{"q": [0.7728817220005251, 0.16601612279816713, 0.5210700159821078, -0.32183609912623173], "x": [-0.07760097592575138, -0.2021852123767857, -0.07817748722268923], "t": 51.73308753967285}
{"q": [0.7730269224986474, 0.16597089262280781, 0.5208884725035952, -0.32180465737348435], "x": [-0.07766210594131656, -0.20217120734369692, -0.07819063882843269], "t": 51.742879152297974}
{"q": [0.7732270769801941, 0.1660509707124545, 0.5205003632385382, -0.3219105523145813], "x": [-0.07771903943479003, -0.20215532273100284, -0.07816384765824709], "t": 51.753188133239746}
{"q": [0.7733137415767425, 0.16597108946284678, 0.5203656649185366, -0.3219612165949159], "x": [-0.07777441993950429, -0.20214127811935378, -0.07813757679071023], "t": 51.76309418678284}
{"q": [0.7735417824833772, 0.16584704594794786, 0.5201750925060078, -0.32178521204850896], "x": [-0.07780535436453306, -0.2020940117566731, -0.07811486380331918], "t": 51.773146867752075}
{"q": [0.7736187705860558, 0.16590314430837233, 0.5200234351698755, -0.321816268484583], "x": [-0.07785660159667795, -0.20205548457305555, -0.07806445522042174], "t": 51.78289842605591}
{"q": [0.7743561811737434, 0.16470433690607572, 0.5189984931924208, -0.3223126994068436], "x": [-0.07801606200702749, -0.2019979029711851, -0.07812839228142023], "t": 51.793050050735474}
{"q": [0.775178836260493, 0.1628947468465922, 0.5181272546523695, -0.322656557716788], "x": [-0.07824266509186445, -0.2017900112802131, -0.07833584951334471], "t": 51.803077697753906}
{"q": [0.7757458512102002, 0.16062270026556139, 0.5175407602597502, -0.3233732898180566], "x": [-0.07833492341233111, -0.2015138345062746, -0.07868016890509814], "t": 51.813072204589844}
{"q": [0.7756915832101824, 0.1587034378480391, 0.5153354285633613, -0.3279408920111051], "x": [-0.07875869776452299, -0.2007900211478331, -0.07906665893693038], "t": 51.82304787635803}
{"q": [0.771980803923674, 0.16070313318848198, 0.5155852149351053, -0.335249246581347], "x": [-0.0788927551328964, -0.2001930663370811, -0.07948478045972207], "t": 51.83311152458191}
{"q": [0.7688804362288608, 0.16183362589464556, 0.5159249442541065, -0.34125382919138786], "x": [-0.07871130140517862, -0.2002194132418875, -0.0798553925748089], "t": 51.843281269073486}
{"q": [0.7673127233973615, 0.16134393468159858, 0.5163852459841541, -0.34430453622785645], "x": [-0.07811146170440642, -0.20057028742400076, -0.08035071509930732], "t": 51.85371541976929}
{"q": [0.7713705186768641, 0.1656263817019326, 0.5112824547167826, -0.3408014318246244], "x": [-0.07704761648580005, -0.20177388870874136, -0.08029677416819594], "t": 51.86292338371277}
{"q": [0.772644107933014, 0.1702749018129779, 0.5085991814327285, -0.33963868093910154], "x": [-0.07614822681968436, -0.20304665533276361, -0.0809876915483143], "t": 51.873087644577026}
{"q": [0.7794480118895996, 0.17310356737029453, 0.4938334622454393, -0.3444189775385124], "x": [-0.07521411693107999, -0.2055520846491429, -0.08113975288420916], "t": 51.8830771446228}
{"q": [0.7819182284337399, 0.1744460868063953, 0.48928509510792445, -0.3446339473367265], "x": [-0.07431050003928918, -0.20777223006187062, -0.08167568358132862], "t": 51.8930561542511}
{"q": [0.7826026719525313, 0.17504071915235742, 0.4878799583481434, -0.344770895531986], "x": [-0.07354087937497339, -0.2090292232450533, -0.08217018528878878], "t": 51.90303659439087}
{"q": [0.780566640143207, 0.18055100573837282, 0.483455790637263, -0.35268618730956897], "x": [-0.07211828460371922, -0.21105806763026524, -0.08270369388175072], "t": 51.9130961894989}
{"q": [0.7789493145560111, 0.18525655770501895, 0.48008198500872984, -0.3583842763350014], "x": [-0.07248920792751379, -0.21227862182140994, -0.08265227507109434], "t": 51.92312955856323}
{"q": [0.7785313564912378, 0.18641558667351033, 0.48209049494550643, -0.35598716840416783], "x": [-0.07279442065671893, -0.21369021543338454, -0.08274837181133228], "t": 51.932902336120605}
{"q": [0.7827978236185614, 0.1882726541145545, 0.4822983871145103, -0.34520900204481336], "x": [-0.07299180550292428, -0.21612352951362096, -0.08277570400047218], "t": 51.94302320480347}
{"q": [0.7878300202761674, 0.18547647386983962, 0.4840361969020704, -0.33261290236690083], "x": [-0.07311633799254763, -0.21736975600164787, -0.0824593804035611], "t": 51.95312809944153}
{"q": [0.7880255696705649, 0.18431538676526138, 0.4968466469341448, -0.31334802457775224], "x": [-0.07382021334850297, -0.21832372069655073, -0.0819562819915307], "t": 51.96305465698242}
{"q": [0.7873916607361499, 0.18403001657659848, 0.5051826517658144, -0.3015590427467016], "x": [-0.07446453966980043, -0.2184469588572413, -0.08096374058015567],