{"q": [0.8291200751715824, 0.06653325579407014, 0.5273163361812505, -0.1734090908702305], "x": [-0.2536371139350748, -0.25051821128840124, -0.07723133846988574], "t": 39.553040981292725}
{"q": [0.8290983863329731, 0.06659527165113106, 0.5274290915476729, -0.17314572905337733], "x": [-0.2536648193714308, -0.25055784309400575, -0.07721530607375185], "t": 39.563159227371216}
{"q": [0.8289963645560039, 0.06690236808580535, 0.5274952946695062, -0.1733142649954666], "x": [-0.2536687623472216, -0.2505500711720457, -0.07727189932324212], "t": 39.573182821273804}
{"q": [0.8289255251183532, 0.06691464282203076, 0.5275879509425936, -0.1733663099933231], "x": [-0.2538154813116724, -0.25057168863399065, -0.07734560168846787], "t": 39.583109855651855}
{"q": [0.8289129458851526, 0.06691237916149256, 0.527615674682261, -0.17334289946888878], "x": [-0.2538126330620867, -0.2505884288630018, -0.07736768500944564], "t": 39.592907667160034}
{"q": [0.8288319236032322, 0.0668629952679498, 0.5277936361573551, -0.1732075246425883], "x": [-0.2538246769999043, -0.2506469210775436, -0.0774196877158686], "t": 39.60309720039368}
{"q": [0.8287728255075013, 0.06711680891557113, 0.5279773570866759, -0.17283183241422037], "x": [-0.2537710482843307, -0.25064745848252734, -0.07744589042038011], "t": 39.613213539123535}
{"q": [0.8287714584720609, 0.06703200508075345, 0.5279967470418832, -0.17281214443553916], "x": [-0.253798070962844, -0.2506352116602355, -0.07746868580051872], "t": 39.62312126159668}
{"q": [0.8286681676819003, 0.06702705436499395, 0.5281860745376797, -0.17273059360268508], "x": [-0.2538275149899061, -0.2506429699718434, -0.07750303046046982], "t": 39.63288760185242}
{"q": [0.8287496805367958, 0.06687169389917803, 0.528078086859319, -0.17272996824689774], "x": [-0.25382725003238604, -0.25059348458477115, -0.07747457546198212], "t": 39.64303159713745}
{"q": [0.8288193239943635, 0.06679120919791295, 0.5279624898314816, -0.1727804324115598], "x": [-0.25384851810802356, -0.2506136895941638, -0.07746302856306869], "t": 39.65306496620178}
{"q": [0.8287699424708389, 0.06664496145173225, 0.5280731158665443, -0.1727357752168181], "x": [-0.253902311539548, -0.25063184048366977, -0.07739819338053414], "t": 39.66303253173828}
{"q": [0.8287038616627701, 0.06670721885025402, 0.5282043361200025, -0.1726274994919596], "x": [-0.2538641181085235, -0.2506605554825992, -0.07741298666878944], "t": 39.67321586608887}
{"q": [0.8286152155300088, 0.06668534697748994, 0.5282854491012868, -0.17281328755411168], "x": [-0.2538624071251271, -0.25068982203026885, -0.07744905046597617], "t": 39.68289303779602}
{"q": [0.8285385842059648, 0.06689812212348278, 0.5283390090919624, -0.17293470719377574], "x": [-0.2538234218274644, -0.2506714232280338, -0.07744510775075152], "t": 39.693068742752075}
{"q": [0.8282835655094746, 0.06691174002278896, 0.5287622944651483, -0.17285727142779034], "x": [-0.25375681767057756, -0.2507233079022375, -0.07745138186111601], "t": 39.703124046325684}
{"q": [0.8283180773177261, 0.06697442406442355, 0.5287665264576767, -0.17265451966340328], "x": [-0.25366963039677337, -0.250684146036258, -0.07743277443374123], "t": 39.71307730674744}
{"q": [0.8282560429565916, 0.0668920360147802, 0.5289005734442956, -0.17257344430760765], "x": [-0.25361735247013295, -0.25070095297829154, -0.0774557433146048], "t": 39.72348880767822}
{"q": [0.828176514615193, 0.06699640668014228, 0.5289979152011167, -0.1726160370461902], "x": [-0.25366033642989727, -0.25071002111403096, -0.07750233635129067], "t": 39.73311424255371}
{"q": [0.8282163398678472, 0.06682347434424481, 0.529026327922767, -0.17240507783449482], "x": [-0.25372718239912684, -0.2506884780652819, -0.07754178168925094], "t": 39.74307060241699}
{"q": [0.8283002082968227, 0.06691162334582555, 0.5289551189926961, -0.17218608628146345], "x": [-0.25370076287423593, -0.25067745222396387, -0.0775635325765423], "t": 39.75310277938843}
{"q": [0.8283159142502193, 0.06657677978198423, 0.5289563307288817, -0.17223689093542383], "x": [-0.25376083372990754, -0.25067451543934316, -0.07755069837083942], "t": 39.76312065124512}
{"q": [0.82833176004002, 0.06661385939516112, 0.5288366568210339, -0.17251329063245005], "x": [-0.25378993838070874, -0.2506880736907844, -0.07757036743272717], "t": 39.77310061454773}
{"q": [0.8283896652297116, 0.06643859064354653, 0.5287981180846841, -0.17242104369395728], "x": [-0.2538280094286657, -0.25069848978095244, -0.0775589803933577], "t": 39.78307914733887}
{"q": [0.8283972066025911, 0.06647816121978933, 0.5288437238160882, -0.172229545429925], "x": [-0.25388371300438295, -0.25068218162148076, -0.07759786810969019], "t": 39.79314565658569}
{"q": [0.8281899155515835, 0.06625421202655225, 0.528992918186353, -0.17285363871533704], "x": [-0.25407895110277834, -0.25067220013601665, -0.07774890874917245], "t": 39.80316376686096}
{"q": [0.8267768057526181, 0.06639007129253252, 0.530820007204768, -0.17396154355605525], "x": [-0.25439743810076887, -0.25073133563720057, -0.078117617077159], "t": 39.81312847137451}
{"q": [0.826768747770664, 0.06638470362481495, 0.5305016550756209, -0.17496997745465076], "x": [-0.2552145262053014, -0.2507850720695453, -0.07902493809321512], "t": 39.82639718055725}
{"q": [0.8311324878498522, 0.06886710452569705, 0.5236314223693266, -0.17402932504504792], "x": [-0.2556144279285084, -0.2509098457133334, -0.07938913164650199], "t": 39.833003759384155}
{"q": [0.8440503162124603, 0.07172985506820137, 0.5037448050186076, -0.1693369970790008], "x": [-0.2575172982088485, -0.2511910560794544, -0.07973275858925069], "t": 39.843042612075806}
{"q": [0.8488848334109675, 0.07219907305615803, 0.49722993161387846, -0.16414711837770185], "x": [-0.25848391512438185, -0.2515836099953068, -0.08051534084896439], "t": 39.853029012680054}
{"q": [0.8525975240254404, 0.07272327291942082, 0.4919228439120611, -0.1606259544247261], "x": [-0.2595872470774879, -0.252358000917218, -0.0809425848468988], "t": 39.86327290534973}
{"q": [0.8568933821346001, 0.07111644556783707, 0.48388577158621104, -0.16288261220219596], "x": [-0.2610632060604, -0.25618088179789844, -0.08051723773293705], "t": 39.87316274642944}
{"q": [0.8538288029745607, 0.05996803256239909, 0.49744691712881095, -0.141162241133515], "x": [-0.26266624627240875, -0.25931247857794215, -0.07968767019699181], "t": 39.882893800735474}
{"q": [0.8492630665366971, 0.052151420355276736, 0.5089368093677764, -0.13044463279146307], "x": [-0.26330772840181893, -0.26078999171883616, -0.08012060108345687], "t": 39.89312672615051}
{"q": [0.8461943209701738, 0.053829272970190925, 0.5124449006825313, -0.13585933153651264], "x": [-0.2645062534796768, -0.26246566578112174, -0.08091301917883947], "t": 39.903135538101196}
{"q": [0.8460735771706258, 0.05916357230823246, 0.5091955434873541, -0.1462158474245497], "x": [-0.26676815792932984, -0.26412496248260864, -0.08169135451791275], "t": 39.91310715675354}
{"q": [0.8514989587152447, 0.06615122696477589, 0.4967027908610728, -0.1544663183366922], "x": [-0.26980286525585395, -0.26623391207532743, -0.08240153076609272], "t": 39.923110485076904}
{"q": [0.8574745942083266, 0.06546470836598024, 0.48533179965521883, -0.15781236749224553], "x": [-0.27252851183572224, -0.2675438113142712, -0.08269542285658327], "t": 39.93309497833252}
{"q": [0.8563020939208744, 0.06005361124081342, 0.4868363391201634, -0.16164975358856062], "x": [-0.27419477415792004, -0.2675919786811099, -0.082322558597682], "t": 39.943092823028564}
{"q": [0.8508742973877899, 0.05672913961989229, 0.4951038089846969, -0.16633375647299503], "x": [-0.274738257865784, -0.2673520392745785, -0.08196569074507903], "t": 39.95305514335632}
{"q": [0.8420524922877317, 0.0527700232122444, 0.508712909300176, -0.17138876094638317], "x": [-0.2749788073560908, -0.26689694643565187, -0.08129597980039788], "t": 39.96310567855835}
{"q": [0.8309223396217981, 0.0483260095761478, 0.5263084658984065, -0.1738736769804459], "x": [-0.27464847592222785, -0.2662273383906184, -0.08034113120070047],