{"q": [0.7786121015983697, 0.08834611969162959, 0.5797338966609399, -0.2233087048649024], "x": [-0.22847620666942003, -0.09039390028676458, -0.07558789720533401], "t": 63.54307675361633}
{"q": [0.7788080254196005, 0.08842067106266567, 0.5794573421980124, -0.2233138246335438], "x": [-0.22848675302464982, -0.09036874822953228, -0.07559499252176424], "t": 63.55307650566101}
{"q": [0.7790141169103637, 0.08847954842205791, 0.5791726394547091, -0.2233102187734077], "x": [-0.22858825076681, -0.09040432449780778, -0.07559910144979108], "t": 63.56334924697876}
{"q": [0.7792158461922523, 0.0884734514126459, 0.5789333635410019, -0.2232292839054774], "x": [-0.22860567460135395, -0.09041900359480887, -0.07565782581581897], "t": 63.572903633117676}
{"q": [0.7793828091599566, 0.08844989015746242, 0.5786899377000377, -0.22328670412982782], "x": [-0.22861526295807943, -0.09045820913500224, -0.07569148572344032], "t": 63.58299660682678}
{"q": [0.7795676164969791, 0.08852193271753658, 0.5784510013375774, -0.2232322713572522], "x": [-0.2286247144528446, -0.09043545908736517, -0.07570399222897461], "t": 63.59305167198181}
{"q": [0.7795450633069936, 0.08875870178183135, 0.5784861475393777, -0.22312591003725085], "x": [-0.22860086356030007, -0.09044011829017695, -0.07569719105653053], "t": 63.60325813293457}
{"q": [0.779653394912027, 0.08877302106582816, 0.5783229772296794, -0.22316473871466797], "x": [-0.22858377448573308, -0.09045603612093728, -0.0756808731093996], "t": 63.612919330596924}
{"q": [0.7795167541203675, 0.08866390288411871, 0.5785277558824645, -0.22315458108497493], "x": [-0.22856202887156996, -0.09043209196225532, -0.07563246892202319], "t": 63.62303185462952}
{"q": [0.7793448496659378, 0.08866500020494242, 0.5787495390680443, -0.22317952588478202], "x": [-0.22857683778844695, -0.09042774195446407, -0.07563962271593175], "t": 63.63305687904358}
{"q": [0.7792589448905423, 0.08855824964911699, 0.578943349422664, -0.22301897807310658], "x": [-0.22855511943588436, -0.09040432975663865, -0.07563353541430778], "t": 63.64307141304016}
{"q": [0.7792472303586523, 0.08873381535804953, 0.5788787097550535, -0.223158130975514], "x": [-0.2285897895547786, -0.09040698845181872, -0.0756823189622177], "t": 63.65308618545532}
{"q": [0.7792924410191082, 0.088690465004434, 0.5788608143315207, -0.22306391537363668], "x": [-0.22864125174198935, -0.09034231604798776, -0.07574714476413524], "t": 63.66315937042236}
{"q": [0.7794935268946758, 0.08857181454647943, 0.5786162053745625, -0.22304308816170232], "x": [-0.22861485335066545, -0.09040037050833122, -0.07574368852046356], "t": 63.67316126823425}
{"q": [0.7797798872707907, 0.0885139168391765, 0.5782378911469002, -0.22304616291923768], "x": [-0.22862205145716952, -0.09040288079070385, -0.07569294301531272], "t": 63.68289613723755}
{"q": [0.7794128940050665, 0.08845902374790632, 0.5788087717627419, -0.22286981584359652], "x": [-0.22858206085387034, -0.09042654903044084, -0.0756257964926402], "t": 63.69305992126465}
{"q": [0.7793587647165591, 0.08847835343674366, 0.5788487742010994, -0.2229474647793094], "x": [-0.22853954721851344, -0.09043087820983581, -0.07559546158419196], "t": 63.70309662818909}
{"q": [0.7791653497257669, 0.08852289725688828, 0.5790656679068065, -0.22304266605507264], "x": [-0.22849273814162296, -0.09040638922606731, -0.07554857015098437], "t": 63.71288847923279}
{"q": [0.7788203188017141, 0.0884218519771488, 0.5794803930263136, -0.22321056468142456], "x": [-0.22847061500712496, -0.09039170412730613, -0.07556306727863105], "t": 63.72312569618225}
{"q": [0.7787438388035398, 0.08845386481339529, 0.5796193878836303, -0.22310383258992422], "x": [-0.2284555639966076, -0.09038616645386521, -0.07556277526284788], "t": 63.733076095581055}
{"q": [0.7786000567223829, 0.08818812314246893, 0.5798202572913796, -0.2231888845395588], "x": [-0.22845766639370324, -0.09035820956500018, -0.07567371729304859], "t": 63.74307727813721}
{"q": [0.7788379782673873, 0.08822760073433568, 0.5795451769890003, -0.22305766794083187], "x": [-0.2284827779164702, -0.09035364191843914, -0.07565469617889423], "t": 63.75340747833252}
{"q": [0.7792898139205172, 0.08834052866924147, 0.5789858982279507, -0.22288718149398923], "x": [-0.22856065558681282, -0.09031073988042015, -0.07571118185913295], "t": 63.762929916381836}
{"q": [0.779611311506572, 0.0886011037194521, 0.5784697613664828, -0.22299947470097894], "x": [-0.22857815320265384, -0.09035722445584476, -0.07570861795664484], "t": 63.77300667762756}
{"q": [0.7803984095335177, 0.08854492862306135, 0.5774919119727068, -0.22280300123585012], "x": [-0.22871341203672935, -0.090368395053117, -0.0757452018397482], "t": 63.78304600715637}
{"q": [0.7808543374505806, 0.0882709510868446, 0.5769186135600289, -0.22279954900906612], "x": [-0.22870929197567613, -0.09031655327658356, -0.0756617915602288], "t": 63.79305553436279}
{"q": [0.7804650784566766, 0.08765758782927727, 0.5774364446369329, -0.22306401143117288], "x": [-0.22865063775733208, -0.09031557667650164, -0.07573220287456944], "t": 63.803131341934204}
{"q": [0.7797177853424401, 0.08500310013483914, 0.5788722430505445, -0.22298336511900743], "x": [-0.2286837139602379, -0.09019140700355888, -0.07600795485898221], "t": 63.813050508499146}
{"q": [0.7799007223947779, 0.08303341906989802, 0.5791226690435208, -0.2224348961648347], "x": [-0.2287816250179222, -0.09011875215424758, -0.076355436208009], "t": 63.823162317276}
{"q": [0.7817126264331806, 0.08056608072488947, 0.5773416406192801, -0.2216101982525654], "x": [-0.22923202136074672, -0.0899745643791236, -0.07682164429874816], "t": 63.83288550376892}
{"q": [0.7839176044513121, 0.08040345124759818, 0.5746467549720057, -0.22088366158103698], "x": [-0.22972868540827274, -0.09000439995918336, -0.07736364996417557], "t": 63.8430016040802}
{"q": [0.7887752629400296, 0.08007721512965274, 0.5685595940423346, -0.21945658179822794], "x": [-0.2304940691061662, -0.09011611330783309, -0.07744425349238736], "t": 63.85319972038269}
{"q": [0.7920076650662959, 0.0757492042106619, 0.5677783345456626, -0.21121959921674374], "x": [-0.231942139649441, -0.08999888141892998, -0.07732133901479492], "t": 63.863633155822754}
{"q": [0.7906389897218102, 0.069536359381124, 0.5730911247326413, -0.204013000610753], "x": [-0.23326581168358407, -0.08978479292553138, -0.07757387617275371], "t": 63.8729612827301}
{"q": [0.7908155381104719, 0.06660133712850619, 0.5747351507721545, -0.19963597923765997], "x": [-0.23429311355782112, -0.0893745518610552, -0.07807449136040985], "t": 63.88312339782715}
{"q": [0.7946201872808067, 0.06458978451610474, 0.5708325025193243, -0.1963598438996164], "x": [-0.23630305470257817, -0.08876338581301724, -0.07934098702316619], "t": 63.893062591552734}
{"q": [0.7996979564666103, 0.06692887837970621, 0.5622653021778687, -0.19965328916783506], "x": [-0.2377809420667063, -0.08869278011171461, -0.07988040643654153], "t": 63.90313792228699}
{"q": [0.8038817475773897, 0.07215626897104246, 0.5535468681560498, -0.2053130523948354], "x": [-0.23933806919387124, -0.08876964247761127, -0.08052406963893585], "t": 63.913049936294556}
{"q": [0.8127903940828568, 0.07871017273754473, 0.5366973996231823, -0.21244383275829615], "x": [-0.2414515774084458, -0.08902767683068463, -0.08174677191821182], "t": 63.922913551330566}
{"q": [0.8219719823826701, 0.08497631089185809, 0.5195383493864075, -0.21730395071117425], "x": [-0.24357837799266524, -0.08897117063839854, -0.08266020010380659], "t": 63.93307447433472}
{"q": [0.824616083884895, 0.09064839368685121, 0.5124635646118988, -0.22174809714372512], "x": [-0.2448332319504909, -0.08919934388000827, -0.08262438181158369], "t": 63.94305396080017}
{"q": [0.8226553589235652, 0.09637590670287853, 0.5121392513164711, -0.22729554433619534], "x": [-0.24641231077637427, -0.089647865395173, -0.08113627097348439], "t": 63.95304751396179}
{"q": [0.8164588116638781, 0.09647529650477424, 0.521506879381286, -0.2282940130201002],